(1200000) GRUPO -  ANATOMOPATOLOGIA E CITOPATOLOGIA;(1325000) GRUPO - ARTERIOGRAFIA;(1726000) GRUPO - ATENDIMENTO/ACOMPANHAMENTO SAUDE AUDITIVA;(0743000) GRUPO - CIRURGIA DE CATARATA;(0212000) GRUPO - CONSULTA/ ATENDIMENTO/ ACOMPANHAMENTO (FONOAUDIOLOGIA);(0210000) GRUPO - CONSULTA/ ATENDIMENTO/ ACOMPANHAMENTO (PSICOLOGIA);(1706000) GRUPO - DIAGNOSE EM NEUROLOGIA;(1708000) GRUPO - DIAGNOSE EM OTORRINOLARINGOLOGIA;(1709000) GRUPO - DIAGNOSE EM PNEUMOLOGIA;(1710000) GRUPO - DIAGNOSE EM UROLOGIA;(3513000) GRUPO - DIAGNOSTICO POR TOMOGRAFIA (SEDACAO);(1428000) GRUPO - DIAGNOSTICO POR ULTRASSONOGRAFIA - OFTALMOLOGIA;(0601000) GRUPO - ELETRONEUROMIOGRAFIA;(1724000) GRUPO - EXAMES PARA DIAGNOSTICO DE DEFICIENCIA AUDITIVA;(1401000) GRUPO - EXAMES ULTRA-SONOGRAFICOS;(1670000) GRUPO - EXAMES ULTRA-SONOGRAFICOS (DOPPLER)  E ECOGRAFIAS;(1801000) GRUPO - FISIOTERAPIA (POR SESSAO);(1305000) GRUPO - MAMOGRAFIA;(3200000) GRUPO - MEDICINA NUCLEAR IN VIVO;(1707000) GRUPO - OFTALMOLOGIA;(0145000) GRUPO - OFTALMOLOGIA (APAC);(0385000) GRUPO OFTALMOLOGIA - TRANSPLANTE;(2280000) GRUPO - PATOLOGIA CLINICA (EXAMES DE LABORATORIO 2);(0124000) GRUPO - ORTESES PROTESES E MATERIAIS ESPECIAIS NAO RELACIONADOS AO ATO CIRURGICO  SAUDE AUDITIVA;(2400000) GRUPO - PATOLOGIA CLINICA (REGULACAO);(0817000) GRUPO - PROCEDIMENTOS AMBULATORIAIS EM DERMATOLOGIA;(0830000) GRUPO -  PROCEDIMENTOS AMBULATORIAIS EM GINECOLOGIA;(0818000) GRUPO - PROCEDIMENTOS AMBULATORIAIS EM OFTALMOLOGIA;(0823000) GRUPO - PUNCAO / BIOPSIA;(1301000) GRUPO - RADIODIAGNOSTICO;(3100000) GRUPO - RESSONANCIA MAGNETICA;(3103000) GRUPO - RESSONANCIA MAGNETICA (SEDACAO);(3500000) GRUPO - TOMOGRAFIA COMPUTADORIZADA
EXAME ANATOMOPATOLOGICO DE MAMA - PECA CIRURGICA(1200012);ARTERIOGRAFIA DE MEMBRO INFERIOR DIREITO(1325031);ACOMP.  PAC. ATE 3 ANOS P/ ADAPT.  APARELHO DE AMPLIF. SONORA INDIV. (AASI)  UNI/ BILATERAL(1726002);FACOEMULSIFICACAO C/IMPL LENTE INTRA OCULAR DOBRAVEL- OE(0743011);ATENDIMENTO/ACOMPANHAMENTO INTENSIVO DE PACIENTE EM REABILITACAO FISICA (1 TURNO PACIENTE-DIA - 15 A(0212001);ACOMPANHAMENTO NEUROPSICOLOGICO DE PACIENTE EM REABILITACAO                                         (0210063);ELETROENCEFALOGRAFIA EM VIGILIA C  OU S FOTO ESTIMULO(1706001);AUDIOMETRIA DE REFORCO VISUAL - VRA (VIA AEREA/OSSEA)       (1708223);PROVA DE FUNCAO PULMONAR SIMPLES(1709002);URODINAMICA COMPLETA(1710201);TC DE MASTOIDES OU OUVIDOS ADULTO COM SEDACAO(3513029);PAQUIMETRIA ULTRASSÃ”NICA  - OLHO DIREITO (1428005);ELETRONEUROMIOGRAFIA - MEMBROS INFERIORES (MID/MIE)(0601002);AUDIOMETRIA DE REFORCO VISUAL - VRA (VIA AEREA/OSSEA)(1724005);ULTRA-SONOGRAFIA  DE ARTICULACAO ANTEBRACO DIREITO(1401507);DOPPLER DE BOLSA ESCROTAL (1670019);ASSISTENCIA RESPIRATORIA  PRE/POS OPERATORIO COM OU SEM USO(1801010);MAMOGRAFIA BILATERAL PARA RASTREAMENTO (ROTINA)(1305001);CINTILOGR DO MIOCARDIO/PERFUSAO - ESTRESSE (MINIMO 03 PRJ)  (3200006);BIOMETRIA ULTRASSONICA - OLHO DIREITO(1707010);CAPSULECTOMIA POSTERIOR CIRURGICA  - OLHO DIREITO(0145065);TRANSPLANTE DE CORNEA - OLHO DIREITO(0385008);17 ALFA HIDROXI PROGESTERONA(2280219);AASI EXTERNO INTRA-AURICULAR TIPO A(0124002);DETECCAO DE RNA DO VIRUS DA HEPATITE C (QUALITATIVO)(2400022);AMPUTACAO/ DESARTICULACAO DE DEDO(0817040);BIOPSIA DE VAGINA(0830004);BIOPSIA DE TUMOR INTRA OCULAR - OLHO DIREITO(0818365);BIOPSIA DA CORNEA(0823010);ABDOMEN  SIMPLES : AP(1301003);ANGIORESSONANCIA CEREBRAL(3100021);ANGIORESSONANCIA CEREBRAL (AD C/ SED)(3103155);ANGIO-TC DA AORTA TORACICA(3500257)
EXAME ANATOMOPATOLOGICO DE MAMA BIOPSIA 2(1200049);ARTERIOGRAFIA DE MEMBRO INFERIOR ESQUERDO(1325030);ACOMP.  PAC. MAIOR DE 3 ANOS P/ ADAPT. APARELHO DE AMPLIF. SONORA INDIV. (AASI) UNI/BILATERAL(1726003);FACOEMULSIFICACAO C/IMPL LENTE INTRA OCULAR DOBRAVEL-OD(0743010);ATIVIDADE EDUCATIVA / ORIENTACAO EM GRUPO NA ATENCAO ESPECIALIZADA(0212002);ACOMPANHAMENTO PSICOPEDAGOGICO DE PACIENTE EM REABILITACAO                                          (0210067);ELETROENCEFALOGRAMA EM SONO INDUZIDO C/ OU S/ MEDICAMENTO (EEG)(1706616);AUDIOMETRIA EM CAMPO LIVRE C/PESQ.DO GANHO FUNCIONAL        (1708224);PROVA VENTILATORIA COMPLETA (1709204);UROFLUXOMETRIA(1710106);TC DE MASTOIDES OU OUVIDOS INFANTIL COM SEDACAO(3513030);PAQUIMETRIA ULTRASSÃ”NICA - OLHO ESQUERDO(1428006);ELETRONEUROMIOGRAFIA - MEMBROS SUPERIORES (MSD/MSE) (0601001);AUDIOMETRIA EM CAMPO LIVRE C/ PESQ. DO GANHO FUNCIONAL(1724004);ULTRA-SONOGRAFIA  DE ARTICULACAO ANTEBRACO ESQUERDO(1401508);ULTRA-SONOGRAFIA  DOPPLER ARTERIAL- M I D(1670012);ATEND FISIOTERAPEUTICO EM PACIENTE C/ DISTURBIOS NEURO-CINETICO-FUNCIONAIS S/ COMPLI SIS - ADULTO(1801130);MAMOGRAFIA UNILATERAL MAMA D (DIAGNOSTICO)(1305002);CINTILOGR DO MIOCARDIO/PERFUSAO - REPOUSO (MINIMO 03 PROJ)  (3200007);BIOMETRIA ULTRASSONICA - OLHO ESQUERDO(1707011);CAPSULECTOMIA POSTERIOR CIRURGICA - OLHO ESQUERDO (0145066);TRANSPLANTE DE CORNEA - OLHO ESQUERDO(0385001);ACIDEZ TITULÃVEL NO LEITE HUMANO (DORNIC)(2280313);AASI EXTERNO INTRA-AURICULAR TIPO B(0124003);GENOTIPAGEM DE VIRUS DA HEPATITE C (2400250);AUTONOMIZACAO DE RETALHO(0817028);BIOPSIA DE VULVA(0830005);BIOPSIA DE TUMOR INTRA OCULAR - OLHO ESQUERDO(0818366);BIOPSIA DE CONJUNTIVA(0823008);ABDOMEN : AP - LATERAL OU LOCALIZADA(1301161);ANGIORESSONANCIA DE BACIA/PELVE(3100254);ANGIORESSONANCIA CEREBRAL(INF C/ SED)(3103156);ANGIO-TC DE  ARTERIAS ILIACAS(3500256)
EXAME ANATOMOPATOLOGICO DE MAMA BIOPSIA1(1200048);ARTERIOGRAFIA MEMBRO SUPERIOR DIREITO(1325032);ACOMP. PAC. A PARTIR  15 ANOS P/ ADAPT.  APARELHO DE AMPLIF. SONORA INDIV. (AASI) UNI/BILATERAL(1726001);FACOEMULSIFICACAO COM IMPLANTE DE LENTE INTRA - OCULAR RIGIDA - OLHO DIREITO(0743039);AVALIACAO DE LINGUAGEM ESCRITA / LEITURA(0212003);APLICACAO DE TESTE P/ PSICODIAGNOSTICO(0210003);ELETROENCEFALOGRAMA EM VIGILIA E SONO ESPONTANEO C/ OU S/ FOTOESTIMULO (EEG)(1706202);AUDIOMETRIA TONAL LIMIAR (VIA AREA/OSSEA)                   (1708222);PROVA VENTILATORIA PULMONAR COMPLETA COM BRONCODILATADOR ( ESPIROMETRIA)(1709003);;TOMOGRAFIA COMPUTADORIZADA DE ABDOMEN (AD C/ SED)(3513023);ULTRASSONOGRAFIA DE GLOBO OCULAR / ORBITA  - OLHO ESQUERDO(1428004);;AUDIOMETRIA TONAL - (AUDIOMETRIA TONAL LIMIAR (VIA AEREA / OSSEA))(1724002);ULTRA-SONOGRAFIA  DE ARTICULACAO ATM(1401009);ULTRA-SONOGRAFIA  DOPPLER ARTERIAL- M I E(1670013);ATENDIMENTO FISIOTERAPÃŠUTICO EM PAC.C/DISTÃšRBIOS NEURO-CINÃ‰TICO-FUNCIONAIS S/COMPLICAÃ‡Ã•ES SISTÃŠMICAS(1801021);MAMOGRAFIA UNILATERAL MAMA E (DIAGNOSTICO)(1305003);CINTILOGRAFIA DA GLANDULA LACRIMAL - DACRIOCISTOGRAFIA      (3200064);BIOMICROSCOPIA DE FUNDO DE OLHO - OLHO DIREITO(1707436);CAPSULOTOMIA A YAG LASER - OD(0145007);TRANSPLANTE DE CORNEA (EM CIRURGIAS COMBINADAS OU EM REOPERAÃ‡Ã•ES)                                   (0385009);ACIDO ASCORBICO(2280220);AASI EXTERNO INTRA-AURICULAR TIPO C(0124004);QUANTIFICACAO DE RNA DO VIRUS DA HEPATITE C(2400023);BIOPSIA DA PELE, TECIDO CELULAR OU GANGLIO SUBCUTANEO(0817027);CAUTERIZAÃ‡ÃƒO QUÃMICA DE PEQUENAS LESÃ•ES                                                             (0830038);CAUTERIZACAO DE CORNEA - OLHO DIREITO(0818256);BIOPSIA DE ESCLERA(0823017);ABDOMEN AGUDO (MINIMO DE 3 INCIDENCIAS)(1301002);ANGIORESSONANCIA DE TORAX(3100227);RESSONANCIA MAGNETICA DA ARTIC COXO-FEMURAL (BI)(AD C/ SED)(3103109);ANGIO-TC DE AORTA ABDOMINAL (3500255)
EXAME ANATOMO-PATOLOGICO DE PECA CIRURGICA CONVENCIONAL (PC 1)(1200098);ARTERIOGRAFIA MEMBRO SUPERIOR ESQUERDO(1325033);ACOMPANHAMENTO NEUROPSICOLOGICO DE PACIENTE EM REABILITACAO(1726006);FACOEMULSIFICACAO COM IMPLANTE DE LENTE INTRA - OCULAR RIGIDA - OLHO ESQUERDO(0743040);AVALIACAO DE LINGUAGEM ORAL(0212004);ATENDIMENTO / ACOMPANHAMENTO DE PACIENTE EM REABILITACAO DO DESENVOLVIMENTO NEUROPSICOMOTOR         (0210066);;AVALIACAO AUDITIVA COMPORTAMENTAL(1708020);;;TOMOGRAFIA COMPUTADORIZADA DE ABDOMEN (INF C/ SED)(3513024);ULTRASSONOGRAFIA DE GLOBO OCULAR / ORBITA - OLHO DIREITO(1428003);;AUDIOMETRIA VOCAL - (LOGOAUDIOMETRIA (LDV-IRF-LRF))(1724003);ULTRA-SONOGRAFIA  DE ARTICULACAO CLAVICULA(1401527);ULTRA-SONOGRAFIA  DOPPLER ARTERIAL- M S D(1670014);ATENDIMENTO FISIOTERAPÃŠUTICO NAS DESORDENS DO DESEN. NEURO MOTOR(1801037);;CINTILOGRAFIA DA TIREOIDE COM OU SEM CAPTACAO               (3200021);BIOMICROSCOPIA DE FUNDO DE OLHO - OLHO ESQUERDO(1707437);CAPSULOTOMIA A YAG LASER - OE(0145008);TRANSPLANTE DE ESCLERA - OLHO DIREITO(0385006);ACIDO FOLICO (2280001);AASI EXTERNO RETROAURICULAR TIPO A(0124005);;BIOPSIA DE LABIO(0817004);DRENAGEM DE GLANDULA DE BARTHOLIN / SKENE                                                           (0830040);CAUTERIZACAO DE CORNEA - OLHO ESQUERDO(0818257);BIOPSIA DE IRIS, CORPO CILIAR, RETINA, COROIDE E VITREO(0823023);ANTEBRACO DIREITO (AP E PERFIL)(1301185);ANGIORESSONANCIA MAGNETICA ARTERIAIS CAROTIDAS E VERTEBRAIS(3100258);RESSONANCIA MAGNETICA DA ARTIC COXO-FEMURAL (BI)(INF C/ SED)(3103111);ANGIO-TC DE CAROTIDAS E VERTEBRAIS(3500254)
EXAME ANATOMO-PATOLOGICO DE PECA CIRURGICA CONVENCIONAL (PC 2)(1200099);ARTERIOGRAFIA PARA INVESTIGACAO DE DOENCA ARTERIOSCLEROTICA AORTO ILIACA E DISTAL(1325004);TERAPIA FONOAUDIOLOGICA INDIVIDUAL EM ADULTO A PARTIR DE 15 ANOS(1726004);;AVALIACAO MIOFUNCIONAL DE SISTEMA ESTOMATOGNATICO(0212005);ATENDIMENTO / ACOMPANHAMENTO EM REABILITAÃ‡ÃƒO NAS MULTIPLAS DEFICIÃŠNCIAS(0210061);;AVALIACAO DE LINGUAGEM ESCRITA / LEITURA(1708021);;;TOMOGRAFIA COMPUTADORIZADA DE ARTICULACOES DE MEMBRO INFERIOR (AD C/ SED)(3513025);;;EMISSOES OTOACUSTICA EVOCADAS TRANS. E PROD.DISTORC. EOA(1724006);ULTRA-SONOGRAFIA  DE ARTICULACAO COTOVELO DIREITO(1401505);ULTRA-SONOGRAFIA  DOPPLER ARTERIAL- M S E(1670015);ATENDIMENTO FISIOTERAPEUTICO EM PACIENTE C/ COMPROMETIMENTO COGNITIVO(1801022);;CINTILOGRAFIA DA TIREOIDE COM TESTE  DE SUPRESSAO (T3 OU T4)(3200022);BIOMICROSCOPIA DE FUNDO DE OLHO(1707409);CICLOCRIOCOAGULACAO / DIATERMIA - OLHO DIREITO(0145067);TRANSPLANTE DE ESCLERA - OLHO ESQUERDO(0385007);ACIDO URICO LIQUIDO NO SINOVIAL E DERRAMES(2280534);AASI EXTERNO RETROAURICULAR TIPO B(0124006);;BIOPSIA DOS TECIDOS MOLES DA BOCA(0817060);EXERESE DE CISTO VAGINAL                                                                            (0830041);CORRECAO CIRURGICA DE HERNIA DE IRIS - OLHO DIREITO(0818264);BIOPSIA DE PALPEBRA(0823034);ANTEBRACO DIREITO(1301126);ANGIORESSONANCIA MAGNETICA DE AORTA ABDOMINAL(3100259);RESSONANCIA MAGNETICA DA COLUNA CERVICAL (AD C/ SED)(3103013);ANGIOTOMOGRAFIA CEREBRAL(3500250)
EXAME ANATOMO-PATOLOGICO DE PECA CIRURGICA CONVENCIONAL (PC 3)(1200100);ARTERIOGRAFIA SELETIVA DE CAROTIDA DIREITA(1325025);TERAPIA FONOAUDIOLOGICA INDIVIDUAL EM CRIANCA DE 0 A 15 ANOS(1726005);;AVALIACAO VOCAL(0212006);ATENDIMENTO EM OFICINA TERAPÃŠUTICA II PARA PORTADOR DE NECESSIDADES ESPECIAIS (POR OFICINA)         (0210073);;AVALIACAO DE LINGUAGEM ORAL(1708022);;;TOMOGRAFIA COMPUTADORIZADA DE ARTICULACOES DE MEMBRO INFERIOR (INF C/ SED)(3513026);;;IMPEDANCIOMETRIA - (IMITANCIOMETRIA)(1724001);ULTRA-SONOGRAFIA  DE ARTICULACAO COTOVELO ESQUERDO(1401506);ULTRA-SONOGRAFIA  DOPPLER DE CAROTIDAS(1670006);ATENDIMENTO FISIOTERAPEUTICO EM PACIENTE C/ DISTURBIOS NEURO-CINETICO-FUNCIONAIS S/ COMPLICACOES SIS(1801020);;CINTILOGRAFIA DA TIREOIDE COM TESTE DE ESTIMULO (TSH)       (3200023);CAMPIMETRIA COMPUTADORIZADA OU MANUAL COM GRAFICO - OLHO DIREITO(1707424);CICLOCRIOCOAGULACAO / DIATERMIA - OLHO ESQUERDO(0145068);;ACIDO URICO URINARIO(2280003);AASI EXTERNO RETROAURICULAR TIPO C(0124007);;"BIOPSIA DE PELE E PARTES MOLES								(0817055)";EXERESE DE PÃ“LIPO DE ÃšTERO(0830026);CORRECAO CIRURGICA DE HERNIA DE IRIS - OLHO ESQUERDO(0818265);BIOPSIA DE PENIS(0823037);ANTEBRACO ESQUERDO (AP E PERFIL)(1301186);ANGIORESSONANCIA MAGNETICA DE AORTA TORACICA(3100260);RESSONANCIA MAGNETICA DA COLUNA CERVICAL (INF C/ SED)(3103015);ANGIOTOMOGRAFIA DE CORONARIA(3500298)
EXAME ANATOMO-PATOLOGICO DE PECA CIRURGICA CONVENCIONAL (PC 4)(1200101);ARTERIOGRAFIA SELETIVA DE CAROTIDA ESQUERDA(1325024);;;CONSULTA DE PROFISSIONAIS DE NIVEL SUPERIOR NA ATENCAO ESPECIALIZADA (EXCETO MEDICO)(0212008);ATENDIMENTO EM PSICOTERAPIA DE GRUPO                                                                (0210075);;AVALIACAO MIOFUNCIONAL DE SISTEMA ESTOMATOGNATICO(1708023);;;TOMOGRAFIA COMPUTADORIZADA DE ARTICULACOES DE MEMBRO SUPERIOR (AD C/ SED)(3513017);;;PESQ.DO GANHO DE INSERSAO(MEDIDA C/MICROFONE E SONDA)(1724007);ULTRA-SONOGRAFIA  DE ARTICULACAO COXA DIREITA(1401514);ULTRA-SONOGRAFIA  DOPPLER VENOSO - MID(1670007);ATENDIMENTO FISIOTERAPEUTICO EM PACIENTE C/ TRANSTORNO RESPIRATORIO C/ COMPLICACOES SISTEMICAS(1801017);;CINTILOGRAFIA DAS ARTICULACOES E/OU EXTREMIDADES COM OU SEM (3200035);CAMPIMETRIA COMPUTADORIZADA OU MANUAL COM GRAFICO - OLHO ESQUERDO(1707425);CORREÃ‡ÃƒO CIRÃšRGICA DE EPICANTO E TELECANTO - OLHO DIREITO (0145047);;ACIDO URICO(2280002);REPOSICAO DE AASI EXTERNO INTRA-AURICULAR TIPO A(0124009);;CURATIVO GRAU 2 COM OU SEM DEBRIDAMENTO(0817048);EXTIRPACAO DE LESAO DE VULVA / PERINEO (POR ELETROCOAGULACAO OU FULGURACAO)                         (0830042);CRIOTERAPIA OCULAR - OLHO DIREITO(0818396);PUNCAO ASPIRATIVA DE MAMA POR AGULHA FINA(0823062);ANTEBRACO ESQUERDO(1301127);ANGIORRESSONANCIA DO PESCOCO(3100255);RESSONANCIA MAGNETICA DA COLUNA LOMBO-SACRA (AD C/ SED)(3103017);ANGIOTOMOGRAFIA DE TORAX(3500233)
EXAME ANATOMO-PATOLOGICO DE PECA CIRURGICA CONVENCIONAL (PC 5)(1200102);ARTERIOGRAFIA SELETIVA POR CATETER (POR VASO) DIREITA(1325029);;;CONSULTA EM FONOAUDIOLOGIA -  REABILITACAO ADULTO(0212013);ATIVIDADE EDUCATIVA / ORIENTAÃ‡ÃƒO EM GRUPO NA ATENÃ‡ÃƒO ESPECIALIZADA(0210059);;AVALIACAO P/ DIAGNOSTICO DE DEFICIENCIA AUDITIVA(1708007);;;TOMOGRAFIA COMPUTADORIZADA DE ARTICULACOES DE MEMBRO SUPERIOR (INF C/ SED)(3513018);;;POTENCIAL EVOCADO AUDITIVO DE CURTA,MEDIA,LONGA LATENCIA(1724008);ULTRA-SONOGRAFIA  DE ARTICULACAO COXA ESQUERDA(1401515);ULTRA-SONOGRAFIA  DOPPLER VENOSO - MIE(1670009);ATENDIMENTO FISIOTERAPEUTICO EM PACIENTE C/ TRANSTORNO RESPIRATORIO S/ COMPLICACOES SISTEMICAS(1801018);;CINTILOGRAFIA DAS GLANDULAS SALIVARES COM OU SEM ESTIMULO(3200016);CAMPIMETRIA COMPUTADORIZADA OU MANUAL COM GRAFICO(1707136);CORREÃ‡ÃƒO CIRÃšRGICA DE EPICANTO E TELECANTO - OLHO ESQUERDO (0145048);;ADENOGRAMA(2280535);REPOSICAO DE AASI EXTERNO INTRA-AURICULAR TIPO B(0124010);;DEBRIDAMENTO DE ÃšLCERA/ NECROSE(0817041);PUNÃ‡ÃƒO DE VAGINA                                                                                    (0830039);CRIOTERAPIA OCULAR - OLHO ESQUERDO(0818397);PUNCAO DE MAMA POR AGULHA GROSSA(0823063);ANTEBRACO(1301006);RESSONANCIA MAGNETICA DE ABDOMEN SUPERIOR                   (3100014);RESSONANCIA MAGNETICA DA COLUNA LOMBO-SACRA (INF C/ SED)(3103019);TOMOGRAFIA COMPUTADORIZADA  COLUNA CERVICAL(3500025)
EXAME ANATOMO-PATOLOGICO DE PECA CIRURGICA CONVENCIONAL (PC 6)(1200103);ARTERIOGRAFIA SELETIVA POR CATETER (POR VASO) ESQUERDA(1325028);;;TERAPIA EM GRUPO(0212009);ESCUTA INICIAL / ORIENTAÃ‡ÃƒO (ACOLHIMENTO A DEMANDA ESPONT NEA)                                     (0210072);;AVALIACAO P/ DIAGNOSTICO DIFERENCIAL DE DEFICIENCIA AUDITIVA(1708008);;;TOMOGRAFIA COMPUTADORIZADA DE COLUNA CERVICAL C/ OU S/ CONTRASTE (AD C/ SED)(3513001);;;REAVAL. DIAGNOSTICA DE DEFICIENCIA AUDITIVA PAC MAIOR DE 3 ANOS(1724009);ULTRA-SONOGRAFIA  DE ARTICULACAO DEDOS DO PE(1401524);ULTRA-SONOGRAFIA  DOPPLER VENOSO - MSD(1670010);ATENDIMENTO FISIOTERAPEUTICO EM PACIENTE COM SEQUELAS POR QUEIMADURAS (MEDIO E GRANDE QUEIMADOS)(1801035);;CINTILOGRAFIA DE CORACAO COM GALIO 67                       (3200050);CERATOMETRIA - OLHO DIREITO(1707426);CORREÃ‡ÃƒO CIRÃšRGICA DE ESTRABISMO ( ACIMA DE 2 MUSCULOS) - OLHO ESQUERDO(0145056);;ADRENOCORTICOTROFICO, HORMONIO - ACTH(2280004);REPOSICAO DE AASI EXTERNO INTRA-AURICULAR TIPO C(0124011);;DEBRIDAMENTO E CURATIVO DE ESCARA OU ULCERACAO(0817008);;DRENAGEM DE ABSCESSO DE PALPEBRA - OLHO DIREITO(0818272);;ARCADA ZIGOMATICA -MALAR :  AP +  OBLIQUAS                  (1301109);RESSONANCIA MAGNETICA DE ARTICULACAO COXO-FEMURAL (BILATERAL)(3100003);RESSONANCIA MAGNETICA DA COLUNA TORACICA (AD C/ SED)(3103021);TOMOGRAFIA COMPUTADORIZADA  DE CRANIO(3500077)
EXAME ANATOMO-PATOLOGICO DE PECA CIRURGICA CONVENCIONAL (PC 7)(1200104);ARTERIOGRAFIA SELETIVA VERTEBRAL DIREITA(1325027);;;TERAPIA INDIVIDUAL(0212010);ESTIMULAÃ‡ÃƒO PRECOCE PARA DESENVOLVIMENTO NEUROPSICOMOTOR                                            (0210074);;AVALIACAO VOCAL (HABILIDADES VOCAIS, PADRAO, RITMO, TONALIDA(1708227);;;TOMOGRAFIA COMPUTADORIZADA DE COLUNA CERVICAL C/ OU S/ CONTRASTE (INF C/ SED)(3513002);;;REAVAL. DIAGNOSTICA DEFICIENCIA AUDITIVA PAC. MENOR DE 3 ANOS(1724010);ULTRA-SONOGRAFIA  DE ARTICULACAO DEDOS(1401513);ULTRA-SONOGRAFIA  DOPPLER VENOSO - MSE(1670011);ATENDIMENTO FISIOTERAPEUTICO EM PACIENTE COM TRANSTORNO CLINICO CARDIOVASCULAR - ADULTO(1801139);;CINTILOGRAFIA DE CORPO INTEIRO COM GALIO 67 - EXCLUSIVO PARA(3200047);CERATOMETRIA - OLHO ESQUERDO(1707427);CORREÃ‡ÃƒO CIRÃšRGICA DO ESTRABISMO ( ATE 2 MÃšSCULOS) OLHO ESQUERDO(0145058);;ALFA 1 ANTITRIPSINA(2280225);REPOSICAO DE AASI EXTERNO RETROAURICULAR TIPO A(0124012);;ELETROCOAGULACAO DE LESAO CUTANEA(0817039);;DRENAGEM DE ABSCESSO DE PALPEBRA - OLHO ESQUERDO(0818273);;ARTICULACAO ACROMIO-CLAVICULAR (DIREITO)(1301188);RESSONANCIA MAGNETICA DE ATM (BILATERAL)                  (3100007);RESSONANCIA MAGNETICA DA COLUNA TORACICA (INF C/ SED)(3103023);TOMOGRAFIA COMPUTADORIZADA COLUNA DORSAL(3500026)
EXAME ANATOMO-PATOLOGICO DE PECA CIRURGICA CONVENCIONAL (PC 8)(1200105);ARTERIOGRAFIA SELETIVA VERTEBRAL ESQUERDA(1325026);;;;TERAPIA EM GRUPO(0210058);;ELETROCOCLEOGRAFIA(1708009);;;TOMOGRAFIA COMPUTADORIZADA DE COLUNA LOMBO-SACRA C/ OU S/ CONTRASTE (AD C/ SED)(3513003);;;SELECAO E VERIFICACAO DE BENEFICIO DO AASI(1724011);ULTRA-SONOGRAFIA  DE ARTICULACAO JOELHO DIREITO(1401516);ULTRA-SONOGRAFIA DOPPLER - ILIACA (3 VASOS)(1670030);ATENDIMENTO FISIOTERAPEUTICO EM PACIENTE COM TRANSTORNO CLINICO CARDIOVASCULAR(1801030);;CINTILOGRAFIA DE MAMA                                       (3200048);CERATOMETRIA(1707159);CORREÃ‡ÃƒO CIRURGICA DE ESTRABISMO ( ACIMA DE 2 MUSCULOS) - OLHO DIREITO(0145055);;ALFA 1 GLICOPROTEINA ACIDA(2280005);REPOSICAO DE AASI EXTERNO RETROAURICULAR TIPO B(0124013);;ELETROCOAGULACAO(0817009);;EPILACAO A LASER - OLHO DIREITO(0818274);;ARTICULACAO ACROMIO-CLAVICULAR (ESQUERDO)(1301187);RESSONANCIA MAGNETICA DE BACIA OU PELVE              (3100019);RESSONANCIA MAGNETICA DE ATM (BI)(AD C/ SED)(3103025);TOMOGRAFIA COMPUTADORIZADA COLUNA LOMBAR(3500027)
EXAME ANATOMO-PATOLOGICO DO COLO UTERINO - BIOPSIA(1200013);FLEBOGRAFIA  DE MEMBRO(1325017);;;;TERAPIA INDIVIDUAL(0210057);;EMISSOES OTOACUSTICA EVOCADAS TRANS.E PROD.DISTORC. EOA(1708236);;;TOMOGRAFIA COMPUTADORIZADA DE COLUNA LOMBO-SACRA C/ OU S/ CONTRASTE (INF C/ SED)(3513004);;;;ULTRA-SONOGRAFIA  DE ARTICULACAO JOELHO ESQUERDO(1401517);ULTRA-SONOGRAFIA DOPPLER DE ABDOMEN TOTAL(1670035);ATENDIMENTO FISIOTERAPEUTICO EM PACIENTE NO PRE/POS CIRURGIAS UROGINECOLOGICAS(1801023);;CINTILOGRAFIA DE PARATIREOIDE                               (3200026);CURVA DIÃRIA DE PRESSÃƒO OCULAR CDPO ( MINIMO 3 MEDIDAS) - OLHO ESQUERDO(1707068);CORREÃ‡ÃƒO CIRURGICA DE LAGOFTALMO - OLHO DIREITO(0145061);;ALFA FETO PROTEINA(2280226);REPOSICAO DE AASI EXTERNO RETROAURICULAR TIPO C(0124015);;EXCISÃƒO DE LESÃƒO E/OU SUTURAÃ‡ÃƒO DE FERIMENTO DE PELE, ANEXOS E MUCOSA(0817042);;EPILACAO A LASER - OLHO ESQUERDO(0818275);;ARTICULACAO ACROMIO-CLAVICULAR(1301009);RESSONANCIA MAGNETICA DE COLUNA CERVICAL                    (3100004);RESSONANCIA MAGNETICA DE ATM (BI)(INF C/ SED)(3103027);TOMOGRAFIA COMPUTADORIZADA DAS ARTICULACOES COTOVELOS       (3500013)
EXAME ANATOMO-PATOLOGICO DO COLO UTERINO - PECA CIRURGICA(1200010);;;;;;;EXAME DE OTOEMISSOES ACUSTICAS EVOCADAS TRANSIENTES         (1708208);;;TOMOGRAFIA COMPUTADORIZADA DE COLUNA TORACICA C/ OU S/ CONTRASTE (AD C/ SED)(3513005);;;;ULTRA-SONOGRAFIA  DE ARTICULACAO MAO DIREITA(1401511);ULTRA-SONOGRAFIA DOPPLER DE AORTA E VASOS ILIACOS(1670016);ATENDIMENTO FISIOTERAPEUTICO EM PACIENTE NO PRE/POS-OPERATORIO DE NEUROCIRURGIA(1801033);;CINTILOGRAFIA DE PULMAO COM GALIO 67                        (3200049);CURVA DIÃRIA DE PRESSÃƒO OCULAR CDPO (MINIMO 3 MEDIDAS) - OLHO DIREITO  (1707067);CORREÃ‡ÃƒO CIRURGICA DE LAGOFTALMO - OLHO ESQUERDO (0145062);;AMILASE(2280006);REPOSICAO DE MOLDE AURICULAR(0124008);;EXERESE TUMOR NA PELE ANEXOS, CISTO SEBÃCEO/LIPOMA(0817043);;EPILACAO DE CILIOS - OLHO DIREITO(0818276);;ARTICULACAO COXO-FEMORAL DIREITO(1301128);RESSONANCIA MAGNETICA DE COLUNA LOMBO-SACRA                 (3100005);RESSONANCIA MAGNETICA DE BACIA OU PELVIS (AD C/ SED)(3103029);TOMOGRAFIA COMPUTADORIZADA DAS ARTICULACOES COXO-FEMURAIS   (3500016)
IMUNOHISTOQUIMICA  DE  NEOPLASIAS MALIGNAS (POR MARCADOR) - QT.02(1200069);;;;;;;IMITANCIOMETRIA (TIMPANOMETRIA, COMPLAC.ESTAT.E REFL.ESTAPED(1708221);;;TOMOGRAFIA COMPUTADORIZADA DE COLUNA TORACICA C/ OU S/ CONTRASTE (INF C/ SED)(3513006);;;;ULTRA-SONOGRAFIA  DE ARTICULACAO MAO ESQUERDA(1401512);ULTRA-SONOGRAFIA DOPPLER DE APARELHO URINARIO(1670037);ATENDIMENTO FISIOTERAPEUTICO EM PACIENTE PRE/POS CIRURGIA CARDIOVASCULAR(1801031);;CINTILOGRAFIA DE RIM COM GALIO 67                           (3200051);CURVA DIARIA DE PRESSAO OCULAR CDPO (MINIMO 3 MEDIDAS)(1707002);CORREÃ‡ÃƒO CIRURGICA DO ESTRABISMO ( ATE 2 MÃšSCULOS) OLHO DIREITO(0145057);;ANDROSTENEDIONA(2280007);;;FULGURACAO/CAUTERIZACAO QUIMICA DE LESOES CUTANEAS(0817018);;EPILACAO DE CILIOS - OLHO ESQUERDO(0818277);;ARTICULACAO COXO-FEMORAL ESQUERDO(1301129);RESSONANCIA MAGNETICA DE COLUNA TORACICA                    (3100006);RESSONANCIA MAGNETICA DE BACIA OU PELVIS (INF C/ SED)(3103031);TOMOGRAFIA COMPUTADORIZADA DAS ARTICULACOES EXTERNO-CLAVICULARES(3500011)
IMUNOHISTOQUIMICA  DE  NEOPLASIAS MALIGNAS (POR MARCADOR) - QT.03(1200070);;;;;;;LOGOAUDIOMETRIA (LDV,IRF,LRF)                               (1708220);;;TOMOGRAFIA COMPUTADORIZADA DE CRANIO (AD C/ SED)(3513013);;;;ULTRA-SONOGRAFIA  DE ARTICULACAO OMBRO DIREITO(1401409);ULTRA-SONOGRAFIA DOPPLER DE ARTERIA AORTA ABDOMINAL(1670025);ATENDIMENTO FISIOTERAPEUTICO EM PACIENTES C/ DISFUNCOES UROGINECOLOGICAS(1801024);;CINTILOGRAFIA DE SEGMENTO OSSEO COM GALIO 67                (3200052);ELETRO - OCULOGRAFIA - OLHO DIREITO(1707069);CORRECAO CIRURGICA DE ENTROPIO E ECTROPIO - OLHO DIREITO(0145023);;ANTI HBC - IGM ANTICORPOS IGM CONTRA ANTIGENO C DA HEPATITE B (ANTI-HBC-IGM)(2280009);;;INFILTRACAO DE SUBSTANCIAS EM CAVIDADE SINOVIAL (ARTICULACAO, BAINHA TENDINOSA)(0817052);;EXERESE DE TUMOR DE CONJUNTIVA - OLHO DIREITO(0818282);;ARTICULACAO ESCAPULO-UMERAL DIREITA(1301114);RESSONANCIA MAGNETICA DE COTOVELO/PUNHO DIREITO(3100025);RESSONANCIA MAGNETICA DE COTOVELO/ PUNHO (UNI)(AD C/ SED)(3103033);TOMOGRAFIA COMPUTADORIZADA DAS ARTICULACOES JOELHOS         (3500017)
IMUNOHISTOQUIMICA  DE  NEOPLASIAS MALIGNAS (POR MARCADOR) - QT.04(1200071);;;;;;;PESQ.DO GANHO DE INSERSAO(MEDIDA C/MICROFONE E SONDA)       (1708225);;;TOMOGRAFIA COMPUTADORIZADA DE CRANIO (INF C/ SED)(3513014);;;;ULTRA-SONOGRAFIA  DE ARTICULACAO OMBRO ESQUERDO(1401500);ULTRA-SONOGRAFIA DOPPLER DE ARTERIAS RENAIS(1670008);ATENDIMENTO FISIOTERAPEUTICO EM PACIENTES C/ DISTURBIOS NEURO-CINETICO-FUNCIONAIS C/COMPLICACOES SIS(1801032);;CINTILOGRAFIA DO FIGADO E BACO - MINIMO 05 IMAGENS          (3200018);ELETRO - OCULOGRAFIA - OLHO ESQUERDO (1707070);CORRECAO CIRURGICA DE ENTROPIO E ECTROPIO - OLHO ESQUERDO(0145034);;ANTI HBE - ANTICORPOS CONTRA ANTIGENO E DA HEPATITE B(2280011);;;RESSECCAO DE TUMORES DA FACE, POR VIA EXTERNA OU ENDOBUCAL/N(0817030);;EXERESE DE TUMOR DE CONJUNTIVA - OLHO ESQUERDO(0818283);;ARTICULACAO ESCAPULO-UMERAL ESQUERDO(1301115);RESSONANCIA MAGNETICA DE COTOVELO/PUNHO ESQUERDO(3100024);RESSONANCIA MAGNETICA DE COTOVELO/ PUNHO (UNI)(INF C/ SED)(3103035);TOMOGRAFIA COMPUTADORIZADA DAS ARTICULACOES OMBROS          (3500012)
IMUNOHISTOQUIMICA  DE  NEOPLASIAS MALIGNAS (POR MARCADOR) - QT.05(1200072);;;;;;;PESQUISA DE FISTULA PERILINFATICA(1708014);;;TOMOGRAFIA COMPUTADORIZADA DE FACE / SEIOS DA FACE / ARTICULACOES TEMPORO-MANDIBULARES (AD C/ SED)(3513007);;;;ULTRA-SONOGRAFIA  DE ARTICULACAO PANTURRILHA DIREITA(1401518);ULTRA-SONOGRAFIA DOPPLER DE ARTERIAS VERTEBRAIS(1670017);ATENDIMENTO FISIOTERAPEUTICO EM PACIENTES NO PRE E POS-OPERATORIO NAS DISFUNCOES MUSCULO ESQUELETICA(1801016);;CINTILOGRAFIA DO FIGADO E VIAS BILIARES                     (3200019);ELETROOCULOGRAFIA(1707473);DACRIOCISTORRINOSTOMIA - OLHO DIREITO (0145049);;ANTI HBS - ANTICORPOS CONTRA ANTIGENO S DA HEPATITE B(2280012);;;RETIRADA DE LESAO POR SHAVING(0817023);;INJECAO INTRA-VITREO - OD(0818229);;ARTICULACAO ESTERNO-CLAVICULAR(1301012);RESSONANCIA MAGNETICA DE CRANIO(3100034);RESSONANCIA MAGNETICA DE CRANIO (AD C/ SED)(3103037);TOMOGRAFIA COMPUTADORIZADA DAS ARTICULACOES PUNHOS          (3500014)
IMUNOHISTOQUIMICA  DE  NEOPLASIAS MALIGNAS (POR MARCADOR) - QT.06(1200073);;;;;;;PESQUISA DE POTENCIAIS AUDITIVOS DE TRONCO CEREBRAL (BERA)(1708210);;;TOMOGRAFIA COMPUTADORIZADA DE FACE / SEIOS DA FACE / ARTICULACOES TEMPORO-MANDIBULARES (INF C/ SED)(3513008);;;;ULTRA-SONOGRAFIA  DE ARTICULACAO PANTURRILHA ESQUERDA(1401519);ULTRA-SONOGRAFIA DOPPLER DE TIREOIDE(1670022);ATENDIMENTO FISIOTERAPEUTICO NAS ALTERACOES MOTORAS(1801019);;CINTILOGRAFIA DO MIOCARDIO  / NECROSE (MINIMO 3 PROJECOES ) (3200001);ELETRORETINOGRAFIA - OLHO DIREITO(1707071);DACRIOCISTORRINOSTOMIA - OLHO ESQUERDO (0145050);;ANTIBIOGRAMA C/ CONCENTRACAO INIBITORIA MINIMA                                                      (2280446);;;TRANSECCAO DE RETALHOS(0817031);;INJECAO INTRA-VITREO - OE(0818230);;ARTICULACAO SACRO ILIACA(1301013);RESSONANCIA MAGNETICA DE OMBRO DIREITO(3100027);RESSONANCIA MAGNETICA DE CRANIO (INF C/ SED)(3103039);TOMOGRAFIA COMPUTADORIZADA DAS ARTICULACOES SACRO-ILIACO    (3500015)
IMUNOHISTOQUIMICA  DE  NEOPLASIAS MALIGNAS (POR MARCADOR) -(1200009);;;;;;;POTENCIAL EVOCADO AUDITIVO                                                                          (1708032);;;TOMOGRAFIA COMPUTADORIZADA DE PELVE / BACIA (AD C/ SED)(3513027);;;;ULTRA-SONOGRAFIA  DE ARTICULACAO PE DIREITO(1401522);ULTRA-SONOGRAFIA DOPPLER TRANSVAGINAL(1670024);ATENDIMENTO FISIOTERAPEUTICO NAS DISFUNCOES VASCULARES PERIFERICAS(1801110);;CINTILOGRAFIA OSSEA COM OU SEM FLUXO SANGUINEO (CORPO INTEIRO)(3200036);ELETRORETINOGRAFIA - OLHO ESQUERDO(1707072);ENUCLEAÃ‡ÃƒO DE GLOBO OCULAR  - OLHO ESQUERDO (0145064);;ANTIBIOGRAMA P/ MICOBACTERIAS(2280181);;;;;INJECAO RETROBULBAR/PERIBULBAR - OLHO DIREITO(0818294);;ARTICULACAO TEMPORO MANDIBULAR BILATERAL(1301014);RESSONANCIA MAGNETICA DE OMBRO ESQUERDO(3100026);RESSONANCIA MAGNETICA DE OMBRO (UNI)(AD C/ SED)(3103041);TOMOGRAFIA COMPUTADORIZADA DAS ARTICULACOES TORNOZELO(3500080)
;;;;;;;POTENCIAL EVOCADO AUDITIVO DE CURTA MEDIA E LONGA LATENCIA(1708016);;;TOMOGRAFIA COMPUTADORIZADA DE PELVE / BACIA (INF C/ SED)(3513028);;;;ULTRA-SONOGRAFIA  DE ARTICULACAO PE ESQUERDO(1401523);ULTRASSONOGRAFIA DOPPLER DE ABDOMEN SUPERIOR(1670040);;;CINTILOGRAFIA PARA AVALIACAO DE ESVAZIAMENTO ESOFAGICO (LIQUIDO)(3200010);ESTESIOMETRIA - OLHO DIREITO(1707074);ENUCLEAÃ‡ÃƒO DE GLOBO OCULAR - OLHO DIREITO(0145063);;ANTIBIOGRAMA(2280015);;;;;INJECAO RETROBULBAR/PERIBULBAR - OLHO ESQUERDO(0818295);;ARTICULACAO TIBIO-TARSICA DIREITA(1301116);RESSONANCIA MAGNETICA DE PERNA DIREITA(3100068);RESSONANCIA MAGNETICA DE OMBRO (UNI)(INF C/ SED)(3103043);TOMOGRAFIA COMPUTADORIZADA DE FACE / SEIOS DA FACE / ARTICULACOES TEMPORO-MANDIBULARES(3500005)
;;;;;;;PROVA DE FUNCAO TUBARIA(1708017);;;TOMOGRAFIA COMPUTADORIZADA DE PESCOCO (AD C/ SED)(3513009);;;;ULTRA-SONOGRAFIA  DE ARTICULACAO PERNA DIREITA(1401528);;;;CINTILOGRAFIA PARA AVALIACAO DE ESVAZIAMENTO ESOFAGICO (SEMI-SOLIDO)(3200017);ESTESIOMETRIA - OLHO ESQUERDO(1707073);EVISCERACAO DO GLOBO OCULAR - OD(0145009);;ANTICORPOS ANTI-PLAQUETARIOS - DETERMINAÃ‡ÃƒO(2280613);;;;;INJECAO SUBCONJUNTIVAL/SUBTENONIANA - OLHO DIREITO(0818296);;ARTICULACAO TIBIO-TARSICA ESQUERDA(1301117);RESSONANCIA MAGNETICA DE PERNA ESQUERDA(3100069);RESSONANCIA MAGNETICA DE SEG APENDICULAR (UNI)(AD C/ SED)(3103045);TOMOGRAFIA COMPUTADORIZADA DE MASTOIDES OU OUVIDOS          (3500006)
;;;;;;;TESTES ACUMETRICOS (DIAPASAO)(1708005);;;TOMOGRAFIA COMPUTADORIZADA DE PESCOCO (INF C/ SED)(3513010);;;;ULTRA-SONOGRAFIA  DE ARTICULACAO PERNA ESQUERDA(1401529);;;;CINTILOGRAFIA PARA AVALIACAO DE ESVAZIAMENTO GASTRICO       (3200011);ESTESIOMETRIA(1707115);EVISCERACAO DO GLOBO OCULAR - OE(0145010);;ANTIPEROXIDASE /ANTI TPO(2280018);;;;;INJECAO SUBCONJUNTIVAL/SUBTENONIANA - OLHO ESQUERDO(0818297);;BACIA(1301017);RESSONANCIA MAGNETICA DE PESCOCO E REGIAO CERVICAL(3100008);RESSONANCIA MAGNETICA DE SEG APENDICULAR (UNI)(INF C/ SED)(3103047);TOMOGRAFIA COMPUTADORIZADA DE PELVE OU BACIA                (3500007)
;;;;;;;TESTES AUDITIVOS SUPRALIMINARES(1708004);;;TOMOGRAFIA COMPUTADORIZADA DE SEGMENTOS APENDICULARES (AD C/ SED)(3513019);;;;ULTRA-SONOGRAFIA  DE ARTICULACAO PUNHO DIREITO(1401509);;;;CINTILOGRAFIA PARA AVALIACAO DE FLUXO SANGUINEO DAS EXTREMID(3200004);FUNDOSCOPIA                                                 (1707103);EXERESE DE CALAZIO E OUTRAS PEQUENAS LESOES DA PALPEBRA E SUPERCILIOS - OLHO DIREITO(0145024);;BACILOSCOPIA DIRETA P/ BAAR (HANSENIASE)(2280022);;;;;IRIDECTOMIA CIRURGICA - OD(0818215);;BRACO DIREITO(1301118);RESSONANCIA MAGNETICA DE PLEXO BRAQUIAL DIREITO(3100033);RESSONANCIA MAGNETICA DE SELA TURCICA (AD C/ SED)(3103153);TOMOGRAFIA COMPUTADORIZADA DE PESCOCO (PARTES MOLES, LARINGE)(3500008)
;;;;;;;TESTES DE PROCESSAMENTO AUDITIVO(1708240);;;TOMOGRAFIA COMPUTADORIZADA DE SEGMENTOS APENDICULARES (INF C/ SED)(3513020);;;;ULTRA-SONOGRAFIA  DE ARTICULACAO PUNHO ESQUERDO(1401510);;;;CINTILOGRAFIA PARA PESQUISA DE DIVERTICULO DE MECKEL        (3200009);FUNDOSCOPIA - OLHO DIREITO(1707430);EXERESE DE CALAZIO E OUTRAS PEQUENAS LESOES DA PALPEBRA E SUPERCILIOS - OLHO ESQUERDO(0145035);;BACILOSCOPIA DIRETA P/ BAAR TUBERCULOS (CONTROLE)                                                   (2280447);;;;;IRIDECTOMIA CIRURGICA - OE(0818216);;BRACO ESQUERDO(1301119);RESSONANCIA MAGNETICA DE PLEXO BRAQUIAL ESQUERDO(3100032);RESSONANCIA MAGNETICA DE SELA TURCICA (INF C/ SED)(3103154);TOMOGRAFIA COMPUTADORIZADA DE SEGMENTOS APENDICULARES(3500009)
;;;;;;;TRIAGEM AUDITIVA DE ESCOLARES(1708018);;;TOMOGRAFIA COMPUTADORIZADA DE SELA TURCICA (AD C/ SED)(3513011);;;;ULTRA-SONOGRAFIA  DE ARTICULACAO QUADRIL(1401526);;;;CINTILOGRAFIA PARA PESQUISA DE HEMORRAGIA NAO ATIVA         (3200015);FUNDOSCOPIA - OLHO ESQUERDO(1707431);EXPLANTE DE LENTE INTRA OCULAR - OLHO DIREITO(0145025);;BACILOSCOPIA DIRETA P/ BAAR TUBERCULOSE (DIAGNOSTICA)(2280023);;;;;OCLUSAO DE PONTO LACRIMAL - OLHO DIREITO(0818303);;CALCANEO DIREITO(1301130);RESSONANCIA MAGNETICA DE SEGMENTO APENDICULAR DIREITO(3100029);RESSONANCIA MAGNETICA DE VIAS BILIARES (AD C/ SED)(3103057);TOMOGRAFIA COMPUTADORIZADA DE SELA TURCICA(3500078)
;;;;;;;;;;TOMOGRAFIA COMPUTADORIZADA DE SELA TURCICA (INF C/ SED)(3513012);;;;ULTRA-SONOGRAFIA  DE ARTICULACAO TENDAO DE AQUILES(1401530);;;;CINTILOGRAFIA PARA PESQUISA DE HEMORRAGIAS ATIVAS           (3200020);GONIOSCOPIA - OLHO DIREITO(1707432);EXPLANTE DE LENTE INTRA OCULAR - OLHO ESQUERDO(0145036);;BACTEROSCOPIA (GRAM)(2280024);;;;;OCLUSAO DE PONTO LACRIMAL - OLHO ESQUERDO(0818304);;CALCANEO ESQUERDO(1301131);RESSONANCIA MAGNETICA DE SEGMENTO APENDICULAR ESQUERDO(3100028);RESSONANCIA MAGNETICA DE VIAS BILIARES (INF C/ SED)(3103059);TOMOGRAFIA COMPUTADORIZADA DO ABDOMEN  SUPERIOR             (3500004)
;;;;;;;;;;TOMOGRAFIA COMPUTADORIZADA DE TORAX (AD C/ SED)(3513021);;;;ULTRA-SONOGRAFIA  DE ARTICULACAO TORNOZELO DIREITO(1401520);;;;CINTILOGRAFIA PARA PESQUISA DE REFLUXO GASTRO-ESOFAGICO     (3200014);GONIOSCOPIA - OLHO ESQUERDO(1707433);FACECTOMIA C/ IMPLANTE DE LENTE INTRA-OCULAR - OD (0145001);;BETA 2 MICROGLOBULINA(2280221);;;;;PARACENTESE DE CAMARA ANTERIOR - OLHO DIREITO(0818300);;CLAVICULA DIREITA(1301133);RESSONANCIA MAGNETICA DE SELA TURCICA(3100035);RESSONANCIA MAGNETICA DO ABDOMEN SUPERIOR (AD C/ SED)(3103061);TOMOGRAFIA COMPUTADORIZADA DO TORAX                         (3500003)
;;;;;;;;;;TOMOGRAFIA COMPUTADORIZADA DE TORAX (INF C/ SED)(3513022);;;;ULTRA-SONOGRAFIA  DE ARTICULACAO TORNOZELO ESQUERDO(1401521);;;;CINTILOGRAFIA PARA PESQUISA DO CORPO INTEIRO (PCI)          (3200025);GONIOSCOPIA(1707105);FACECTOMIA C/ IMPLANTE DE LENTE INTRA-OCULAR - OE (0145002);;BILIRRUBINA TOTAL E FRACOES(2280025);;;;;PARACENTESE DE CAMARA ANTERIOR - OLHO ESQUERDO(0818301);;CLAVICULA ESQUERDO(1301132);RESSONANCIA MAGNETICA DE TORAX                              (3100017);RESSONANCIA MAGNETICA DO ABDOMEN SUPERIOR (INF C/ SED)(3103063);TOMOGRAFIA POR EMISSAO DE POSITRONS (PET-CT)(3500210)
;;;;;;;;;;TOMOMIELOGRAFIA COMPUTADORIZADA (AD C/ SED)(3513015);;;;ULTRA-SONOGRAFIA  DO APARELHO URINARIO (RINS, BEXIGA)    (1401405);;;;CINTILOGRAFIA PARA QUANTIFICACAO DE  SHUNT  DA DIREITA PARA (3200003);MAPEAMENTO DE RETINA COM GRAFICO - OLHO DIREITO(1707434);FACECTOMIA S/ IMPLANTE DE LENTE INTRA-OCULAR - OD(0145017);;CALCIO IONIZAVEL(2280030);;;;;RADIAÃ‡ÃƒO PARA CROSS LINKING CORNEANO - OLHO DIREITO(0818398);;CLISTER OPACO COM DUPLO CONTRASTE(1301051);RESSONANCIA MAGNETICA DE TORNOZELO OU PE DIREITO(3100023);RESSONANCIA MAGNETICA DO JOELHO (UNI)(AD C/ SED)(3103149);TOMOMIELOGRAFIA COMPUTADORIZADA                                                                     (3500280)
;;;;;;;;;;TOMOMIELOGRAFIA COMPUTADORIZADA (INF C/ SED)(3513016);;;;ULTRA-SONOGRAFIA  TORAX ( EXTRACARDIACO )(1401930);;;;CINTILOGRAFIA PULMONAR (INALACAO) COM MINIMO DE 2 PROJECOES(3200053);MAPEAMENTO DE RETINA COM GRAFICO - OLHO ESQUERDO(1707435);FACECTOMIA S/ IMPLANTE DE LENTE INTRA-OCULAR - OE(0145018);;CALCIO URINARIO(2280031);;;;;RADIAÃ‡ÃƒO PARA CROSS LINKING CORNEANO - OLHO ESQUERDO(0818399);;COLANGIOGRAFIA POS-OPERATORIO(1301024);RESSONANCIA MAGNETICA DE TORNOZELO OU PE ESQUERDO(3100022);RESSONANCIA MAGNETICA DO JOELHO (UNI)(INF C/ SED)(3103151);
;;;;;;;;;;;;;;ULTRA-SONOGRAFIA DE ABDOMEN SUPERIOR(1401999);;;;CINTILOGRAFIA PULMONAR (PERFUSAO) - MINIMO DE 4 PROJECOES(3200055);MEDIDA DE OFUSCAMENTO E CONTRASTE  - OLHO ESQUERDO(1707076);FOTOCOAGULACAO A LASER - OLHO DIREITO(0145013);;CALCIO(2280029);;;;;REMOÃ‡ÃƒO DE IMPLANTE EPISCLERAL - OLHO DIREITO(0818394);;COLUNA CERVICAL : AP + LATERAL + T.O OU FLEXAO(1301026);RESSONANCIA MAGNETICA DE VIAS BILIARES                      (3100013);RESSONANCIA MAGNETICA DO PLEXO BRAQUIAL (UNI)(AD C/ SED)(3103053);
;;;;;;;;;;;;;;ULTRA-SONOGRAFIA DE ABDOMEN TOTAL(1401998);;;;CINTILOGRAFIA PULMONAR PARA PESQUISA DE ASPIRACAO           (3200054);MEDIDA DE OFUSCAMENTO E CONTRASTE - OLHO DIREITO (1707075);FOTOCOAGULACAO A LASER - OLHO ESQUERDO(0145014);;CEA (ANTIGENO CARCINOEMBRIOGENICO)(2280033);;;;;REMOÃ‡ÃƒO DE IMPLANTE EPISCLERAL - OLHO ESQUERDO(0818395);;COLUNA CERVICAL: AP + LATERAL + TO + OBLIQUAS (AP E PERFIL)(1301171);RESSONANCIA MAGNETICA DO JOELHO DIREITO(3100031);RESSONANCIA MAGNETICA DO PLEXO BRAQUIAL (UNI)(INF C/ SED)(3103055);
;;;;;;;;;;;;;;ULTRA-SONOGRAFIA DE ARTICULACAO BRACO DIREITO(1401028);;;;CINTILOGRAFIA RENAL ESTATICA (DMSA)(3200070);MEDIDA DE OFUSCAMENTO E CONTRASTE(1707013);FOTOTRABECULOPLASTIA A LASER - OLHO DIREITO(0145069);;CELULAS LE - PESQUISA(2280034);;;;;REMOÃ‡ÃƒO DE OLEO DE SILICONE - OLHO DIREITO(0818392);;COLUNA CERVICAL: FUNCIONAL OU DINAMICA (AP E PERFIL)(1301172);RESSONANCIA MAGNETICA DO JOELHO ESQUERDO(3100030);RESSONANCIA MAGNETICA DO TORAX (AD C/ SED)(3103065);
;;;;;;;;;;;;;;ULTRA-SONOGRAFIA DE ARTICULACAO BRACO ESQUERDO(1401029);;;;CINTILOGRAFIA SINCRONIZADA CAMARAS CARDIACAS/-REPOUSO ( MINI(3200002);MICROSCOPIA ESPECULAR DE CORNEA - OD(1707465);FOTOTRABECULOPLASTIA A LASER - OLHO ESQUERDO(0145070);;CHAGAS , IFI(2280035);;;;;REMOÃ‡ÃƒO DE OLEO DE SILICONE - OLHO ESQUERDO(0818393);;COLUNA CERVICAL: FUNCIONAL OU DINAMICA(1301028);RESSONANCIA MULTIPARAMETRICA DA PROSTATA(3100247);RESSONANCIA MAGNETICA DO TORAX (INF C/ SED)(3103067);
;;;;;;;;;;;;;;ULTRA-SONOGRAFIA DE BOLSA ESCROTAL(1401978);;;;CINTILOGRAFIA SINCRONIZADA CAMARAS CARDIACAS-ESFORCO (MINIMO(3200005);MICROSCOPIA ESPECULAR DE CORNEA - OE(1707466);IMPLANTE INTRA-ESTROMAL - OLHO DIREITO(0145071);;CHUMBO URINARIO(2280260);;;;;RETINOPEXIA PNEUMATICA - OLHO DIREITO(0818314);;COLUNA DORSAL : AP + LATERAL(1301029);;;
;;;;;;;;;;;;;;ULTRA-SONOGRAFIA DE MAMAS (BILATERAL)(1401977);;;;CINTILOGRAFIA SISTEMA RETICULO-ENDOTELIAL (MEDULA OSSEA)    (3200056);POTENCIAL DE ACUIDADE VISUAL - OLHO DIREITO (1707077);IMPLANTE INTRA-ESTROMAL - OLHO ESQUERDO(0145072);;CHUMBO(2280259);;;;;RETINOPEXIA PNEUMATICA - OLHO ESQUERDO(0818315);;COLUNA DORSO - LOMBAR PARA ESCOLIOSE (AP E PERFIL)(1301179);;;
;;;;;;;;;;;;;;ULTRA-SONOGRAFIA DE PAREDE ABDOMINAL(1401979);;;;CINTILOGRAFIA TESTICULAR (BOLSA ESCROTAL)                  (3200028);POTENCIAL DE ACUIDADE VISUAL - OLHO ESQUERDO(1707078);IMPLANTE SECUNDARIO DE LENTE INTRA-OCULAR - LIO - OLHO DIREITO(0145020);;CITOLOGIA P/ CLAMIDIA(2280536);;;;;RETIRADA DE CORPO ESTRANHO DA CAMARA ANTERIOR - OLHO ESQUERDO(0818309);;COLUNA DORSO - LOMBAR PARA ESCOLIOSE DINAMICA(1301031);;;
;;;;;;;;;;;;;;ULTRA-SONOGRAFIA DE PARTES MOLES(1401037);;;;CISTERNOCINTILOGRAFIA ( MINIMO 05 IMAGENS )                 (3200040);POTENCIAL DE ACUIDADE VISUAL(1707101);IMPLANTE SECUNDARIO DE LENTE INTRA-OCULAR - LIO - OLHO DIREITO(0145021);;CITOLOGIA P/ HERPESVIRUS(2280537);;;;;RETIRADA DE CORPO ESTRANHO DA CAMARA ANTERIOR- OLHO DIREITO(0818308);;COLUNA DORSO - LOMBAR PARA ESCOLIOSE(1301030);;;
;;;;;;;;;;;;;;ULTRA-SONOGRAFIA DE PROSTATA (VIA ABDOMINAL)(1401997);;;;CISTOCINTILOGRAFIA DIRETA                                   (3200033);POTENCIAL EVOCADO(1707166);IMPLANTE SECUNDARIO DE LENTE INTRA-OCULAR - LIO - OLHO ESQUERDO(0145032);;CITOMEGALOVIRUS , IFI (IGG)(2280038);;;;;RETIRADA DE CORPO ESTRANHO DA CORNEA - OLHO DIREITO(0818316);;COLUNA LOMBO SACRA COM OBLIQUAS (AP E PERFIL)(1301175);;;
;;;;;;;;;;;;;;ULTRA-SONOGRAFIA DE PROSTATA (VIA TRANSRETAL)(1401981);;;;CISTOCINTILOGRAFIA INDIRETA                                 (3200032);POTENCIAL VISUAL EVOCADO - OD(1707469);IRIDOTOMIA A LASER - OD(0145011);;CITOMEGALOVIRUS , IFI (IGM)(2280039);;;;;RETIRADA DE CORPO ESTRANHO DA CORNEA - OLHO ESQUERDO(0818317);;COLUNA LOMBO SACRA COM OBLIQUAS(1301034);;;
;;;;;;;;;;;;;;ULTRA-SONOGRAFIA DE REGIAO CERVICAL (PESCOCO)(1401987);;;;DEMONSTRACAO DE SEQUESTRO DE HEMACIAS PELO BACO COM RADIOISO(3200057);POTENCIAL VISUAL EVOCADO - OE(1707470);IRIDOTOMIA A LASER - OE(0145012);;CITOQUIMICA HEMATOLOGICA(2280314);;;;;SIMBLEFAROPLASTIA - OLHO DIREITO(0818318);;COLUNA LOMBO SACRA FUNCIONAL OU DINAMICA(1301032);;;
;;;;;;;;;;;;;;ULTRA-SONOGRAFIA DE TIREOIDE(1401980);;;;DETERMINACAO DA FILTRACAO GLOMERULAR COM RADIOISOTOPOS.     (3200029);RETINOGRAFIA COLORIDA BINOCULAR(1707005);PAN-FOTOCOAGULAÃ‡ÃƒO DE RETINA A LASER - OLHO DIREITO(0145042);;CLEARANCE DE CREATININA(2280040);;;;;SIMBLEFAROPLASTIA - OLHO ESQUERDO(0818319);;COLUNA LOMBO-SACRA(1301033);;;
;;;;;;;;;;;;;;ULTRA-SONOGRAFIA OBSTETRICA                                 (1401201);;;;DETERMINACAO DE FLUXO SANGUINEO REGIONAL(3200077);RETINOGRAFIA FLUORESCENTE(1707404);PAN-FOTOCOAGULAÃ‡ÃƒO DE RETINA A LASER - OLHO ESQUERDO(0145043);;CLEARANCE DE FOSFATO(2280413);;;;;SINEQUIOLISE A YAG LASER - OLHO DIREITO(0818310);;CORACAO E VASOS DA BASE PA + LAT. + OBLIQUAS(1301037);;;
;;;;;;;;;;;;;;ULTRA-SONOGRAFIA PELVICA (GINECOLOGICA)                   (1401101);;;;DETERMINACAO DE SOBREVIDA DE HEMACIAS COM RADIOSOTOPOS      (3200059);TESTE DE PROVOCAÃ‡ÃƒO DE GLAUCOMA - OLHO ESQUERDO (1707080);RECOBRIMENTO CONJUNTIVAL - OLHO DIREITO(0145028);;CLEARANCE DE UREIA(2280414);;;;;SINEQUIOLISE A YAG LASER- OLHO ESQUERDO(0818311);;CORACAO E VASOS DA BASE PA + LATERAL(1301036);;;
;;;;;;;;;;;;;;ULTRA-SONOGRAFIA TRANSFONTANELAR(1401942);;;;DETERMINACAO DO FLUXO PLASMATICO RENAL COM RADIOISOTOPOS.   (3200030);TESTE DE PROVOCAÃ‡AO DE GLAUCOMA - OLHO DIREITO(1707079);RECOBRIMENTO CONJUNTIVAL - OLHO ESQUERDO(0145039);;CLEARANCE OSMOLAR(2280281);;;;;SONDAGEM DAS VIAS LACRIMAIS - OLHO DIREITO(0818320);;COSTELAS - POR HEMITORAX(1301038);;;
;;;;;;;;;;;;;;ULTRA-SONOGRAFIA TRANSVAGINAL                               (1401202);;;;ESTUDO  RENAL DINAMICO COM OU SEM DIURETICO                 (3200034);TESTE DE PROVOCACAO DE GLAUCOMA                             (1707206);RECONSTITUIÃ‡ÃƒO DE CANAL LACRIMAL - OLHO DIREITO(0145051);;CLORETO(2280041);;;;;SONDAGEM DAS VIAS LACRIMAIS - OLHO ESQUERDO(0818321);;COTOVELO DIREITO(1301134);;;
;;;;;;;;;;;;;;;;;;FLUXO SANGUINEO CEREBRAL                                    (3200038);TESTE DE SCHIRMER                                           (1707107);RECONSTITUIÃ‡ÃƒO DE CANAL LACRIMAL - OLHO ESQUERDO (0145052);;COLESTEROL ( LDL)(2280042);;;;;SUBSTITUICAO DE LENTE INTRA-OCULAR - OLHO DIREITO(0818326);;COTOVELO ESQUERDO(1301135);;;
;;;;;;;;;;;;;;;;;;IMUNO CINTILOGRAFIA (ANTICORPOS MONOCLONAL)                 (3200065);TESTE DE SCHIRMER - OLHO DIREITO(1707081);RECONSTITUIÃ‡AO PARCIAL DE PALPEBRA COM TARSORRAFIA - OLHO DIREITO (0145053);;COLESTEROL (HDL)(2280043);;;;;SUBSTITUICAO DE LENTE INTRA-OCULAR - OLHO ESQUERDO(0818379);;COXA DIREITA(1301136);;;
;;;;;;;;;;;;;;;;;;LINFOCINTILOGRAFIA                                          (3200046);TESTE DE SCHIRMER - OLHO ESQUERDO(1707082);RECONSTITUIÃ‡AO PARCIAL DE PALPEBRA COM TARSORRAFIA - OLHO ESQUERDO(0145054);;COLESTEROL TOTAL(2280045);;;;;SUTURA DE CONJUNTIVA - OLHO DIREITO(0818328);;COXA ESQUERDA(1301137);;;
;;;;;;;;;;;;;;;;;;PERFUSAO CEREBRAL                                           (3200045);TESTE DE VISÃƒO DE CORES - OLHO DIREITO(1707083);RECONSTITUICAO DE FORNIX CONJUNTIVAL - OLHO DIREITO(0145029);;COMPLEMENTO ( CH50 ) , DOSAGEM(2280229);;;;;SUTURA DE CONJUNTIVA - OLHO ESQUERDO(0818329);;CRANIO - PA + LAT. + OBLI. OU BRETTON + HIRTZ(1301043);;;
;;;;;;;;;;;;;;;;;;RENOGRAMA                                                   (3200031);TESTE DE VISÃƒO DE CORES - OLHO ESQUERDO(1707084);RECONSTITUICAO DE FORNIX CONJUNTIVAL - OLHO ESQUERDO(0145040);;COMPLEMENTO C3 , IDR                                        (2280047);;;;;SUTURA DE CORNEA - OLHO DIREITO(0818331);;CRANIO : PA + LATERAL(1301042);;;
;;;;;;;;;;;;;;;;;;TESTE DO PERCLORATO COM RADIOISOTOPO                        (3200024);TESTE DE VISAO DE CORES                                     (1707108);REPOSICIONAMENTO DE LENTE INTRAOCULAR - OLHO DIREITO(0145027);;COMPLEMENTO C4 , IDR                                        (2280048);;;;;SUTURA DE CORNEA - OLHO ESQUERDO(0818332);;DUCTOGRAFIA - POR MAMA(1301045);;;
;;;;;;;;;;;;;;;;;;;TESTE ORTOPTICO - OLHO DIREITO(1707085);REPOSICIONAMENTO DE LENTE INTRAOCULAR - OLHO ESQUERDO(0145033);;CONTAGEM DE ADDIS(2280415);;;;;SUTURA DE ESCLERA - OLHO DIREITO(0818324);;ESCANOMETRIA(1301047);;;
;;;;;;;;;;;;;;;;;;;TESTE ORTOPTICO - OLHO ESQUERDO(1707086);RETINOPEXIA C/ INTROFLEXÃƒO ESCLERAL  - OLHO DIREITO (0145059);;CONTAGEM DE LINFOCITOS T TOTAIS                                                                     (2280432);;;;;SUTURA DE ESCLERA - OLHO ESQUERDO(0818325);;ESOFAGO(1301048);;;
;;;;;;;;;;;;;;;;;;;TESTE ORTOPTICO(1707302);RETINOPEXIA C/ INTROFLEXAO ESCLERAL - OLHO ESQUERDO(0145060);;CONTAGEM DE PLAQUETAS(2280049);;;;;SUTURA DE PALPEBRA - OLHO DIREITO(0818322);;ESTERNO (AP E PERFIL)(1301319);;;
;;;;;;;;;;;;;;;;;;;TESTE P/ ADAPTAÃ‡ÃƒO DE LENTE DE CONTATO - OLHO DIREITO (1707087);TRABECULECTOMIA - OLHO DIREITO(0145030);;CONTAGEM ESPECIFICA DE CELULAS NO LIQUOR(2280538);;;;;SUTURA DE PALPEBRA - OLHO ESQUERDO(0818323);;ESTERNO(1301050);;;
;;;;;;;;;;;;;;;;;;;TESTE P/ ADAPTAÃ‡ÃƒO DE LENTE DE CONTATO - OLHO ESQUERDO (1707088);TRABECULECTOMIA - OLHO ESQUERDO(0145041);;CONTAGEM GLOBAL DE CELULAS NO LIQUOR(2280539);;;;;TRATAMENTO CIRURGICO  DE NEOPLASIA DE ESCLERA - OLHO ESQUERDO(0818349);;JOELHO : AP + LATERAL DIREITO(1301138);;;
;;;;;;;;;;;;;;;;;;;TESTE PARA ADAPTACAO DE LENTE DE CONTATO(1707174);TRATAMENTO DE PTOSE PALPEBRAL - OLHO DIREITO(0145026);;COOMBS  INDIRETO (INCLUI QUANTITATIVO)(2280050);;;;;TRATAMENTO CIRURGICO DE BLEFAROCALASE - OD(0818169);;JOELHO : AP + LATERAL ESQUERDO(1301139);;;
;;;;;;;;;;;;;;;;;;;TONOMETRIA - OLHO DIREITO(1707428);TRATAMENTO DE PTOSE PALPEBRAL - OLHO ESQUERDO(0145037);;COOMBS DIRETO(2280051);;;;;TRATAMENTO CIRURGICO DE BLEFAROCALASE - OE(0818170);;JOELHO OU ROTULA - AP + LAT. + AXIAL DIREITO(1301142);;;
;;;;;;;;;;;;;;;;;;;TONOMETRIA - OLHO ESQUERDO(1707429);VITRECTOMIA ANTERIOR - OD(0145015);;CREATININA(2280053);;;;;TRATAMENTO CIRURGICO DE DEISCENCIA DE SUTURA DE CORNEA- - OLHO DIREITO (0818390);;JOELHO OU ROTULA - AP + LAT. + AXIAL ESQUERDO(1301143);;;
;;;;;;;;;;;;;;;;;;;TONOMETRIA(1707102);VITRECTOMIA ANTERIOR - OE(0145016);;CREATININA, DOSAGEM EM URINA DE 24 HS(2280054);;;;;TRATAMENTO CIRURGICO DE DEISCENCIA DE SUTURA DE CORNEA- - OLHO ESQUERDO (0818389);;JOELHO OU ROTULA - AP + LAT. + AXIAL(1301059);;;
;;;;;;;;;;;;;;;;;;;TOPOGRAFIA COMPUTADORIZADA DE CORNEA - OD(1707467);;;CREATINOFOSFOQUINASE - FRACAO MB(2280055);;;;;TRATAMENTO CIRURGICO DE DEISCENCIA DE SUTURA DE ESCLERA- OLHO DIREITO(0818335);;JOELHO OU ROTULA - AP + LAT.- OBLIQUAS + 3 AXIAIS - DIREITO(1301140);;;
;;;;;;;;;;;;;;;;;;;TOPOGRAFIA COMPUTADORIZADA DE CORNEA - OE(1707468);;;CULTURA DE BACTERIAS PARA INDENTIFICACAO(2280164);;;;;TRATAMENTO CIRURGICO DE DEISCENCIA DE SUTURA DE ESCLERA- OLHO ESQUERDO(0818336);;JOELHO OU ROTULA - AP + LAT.- OBLIQUAS + 3 AXIAIS - ESQUERDO(1301141);;;
;;;;;;;;;;;;;;;;;;;;;;CULTURA DO LEITE HUMANO (POS-PASTEURIZAÃ‡ÃƒO)                                                         (2280448);;;;;TRATAMENTO CIRURGICO DE MIIASE PALPEBRAL - OLHO DIREITO(0818340);;JOELHO OU ROTULA - AP + LAT.- OBLIQUAS + 3 AXIAIS(1301058);;;
;;;;;;;;;;;;;;;;;;;;;;CULTURA P/ HERPESVIRUS                                                                              (2280449);;;;;TRATAMENTO CIRURGICO DE MIIASE PALPEBRAL - OLHO ESQUERDO(0818364);;LARINGE(1301061);;;
;;;;;;;;;;;;;;;;;;;;;;CULTURA PARA BAAR(2280210);;;;;TRATAMENTO CIRURGICO DE NEOPLASIA DE ESCLERA - OLHO DIREITO(0818370);;LOCALIZACAO TRIDIMENSIONAL CORPO ESTRANHO GLOBO OCULAR(1301121);;;
;;;;;;;;;;;;;;;;;;;;;;CULTURA PARA BACTERIAS ANAEROBICAS(2280165);;;;;TRATAMENTO CIRURGICO DE PTERIGIO - OLHO DIREITO(0818337);;MAO DIREITA ( DUAS INCIDENCIAS) (1301144);;;
;;;;;;;;;;;;;;;;;;;;;;CULTURA PARA IDENTIFICACAO DE FUNGOS(2280057);;;;;TRATAMENTO CIRURGICO DE PTERIGIO - OLHO ESQUERDO(0818338);;MAO ESQUERDA ( DUAS INCIDENCIAS) (1301145);;;
;;;;;;;;;;;;;;;;;;;;;;CURVA GLICEMICA CLASSICA 5 DOSAGENS-ORAL(2280058);;;;;TRATAMENTO CIRURGICO DE TRIQUIASE C/ OU S/ENXERTO - OLHO DIREITO (0818342);;MAOS E PUNHOS PARA IDADE OSSEA DIREITO(1301146);;;
;;;;;;;;;;;;;;;;;;;;;;DEHIDROEPIANDROSTERONA - DHEA(2280059);;;;;TRATAMENTO CIRURGICO DE TRIQUIASE C/ OU S/ENXERTO - OLHO ESQUERDO(0818343);;MAOS E PUNHOS PARA IDADE OSSEA ESQUERDO(1301147);;;
;;;;;;;;;;;;;;;;;;;;;;DETECÃ‡ÃƒO DE CLAMÃDIA E GONOCOCO POR BIOLOGIA MOLECULAR(2280382);;;;;TRATAMENTO CIRURGICO DE XANTELASMA - OLHO DIREITO(0818344);;MAOS E PUNHOS PARA IDADE OSSEA(1301065);;;
;;;;;;;;;;;;;;;;;;;;;;DETECCAO D/ DNA PROVIRAL D/ HTLV-1 E D/ HTLV-2 P/ POPULACAO EXCETO GESTANTE , PARCEIRO E PARCERIA(2280697);;;;;TRATAMENTO CIRURGICO DE XANTELASMA - OLHO ESQUERDO(0818345);;MASTOIDE OU ROCHEDOS BILATERAL(1301066);;;
;;;;;;;;;;;;;;;;;;;;;;DETECCAO DE ÃCIDOS NUCLEICOS DO HIV-1 (QUALITATIVO)(2280339);;;;;VITRIOLISE A YAG LASER - OLHO DIREITO(0818352);;MAXILAR INFERIOR : PA + OBLIQUAS(1301067);;;
;;;;;;;;;;;;;;;;;;;;;;DETERMINAÃ‡ÃƒO DE CREMATÃ“CRITO NO LEITE HUMANO ORDENHADO(2280312);;;;;VITRIOLISE A YAG LASER - OLHO ESQUERDO(0818353);;MEDIASTINO PA E PERFIL(1301068);;;
;;;;;;;;;;;;;;;;;;;;;;DETERMINACAO DE CAPACIDADE DE FIXACAO DO FERRO(2280203);;;;;;;OMBRO DIREITO (AP VERDADEIRO, PERFIL DE ESCAPULAR E AXILAR)(1301235);;;
;;;;;;;;;;;;;;;;;;;;;;DETERMINACAO DE CARIOTIPO EM CULTURA DE LONGA DURACAO (C/ TECNICA DE BANDAS)(2280563);;;;;;;OMBRO ESQUERDO (AP VERDADEIRO, PERFIL DE ESCAPULAR E AXILAR)(1301236);;;
;;;;;;;;;;;;;;;;;;;;;;DETERMINACAO DE CARIOTIPO EM MEDULA OSSEA E VILOSIDADES CORIONICAS (C/ TECNICA DE BANDAS)(2280564);;;;;;;ORBITAS DIREITA - P A + OBLIQUAS + HIRTZ(1301148);;;
;;;;;;;;;;;;;;;;;;;;;;DETERMINACAO DE CARIOTIPO EM SANGUE PERIFERICO (C/ TECNICA DE BANDAS)(2280565);;;;;;;ORBITAS ESQUERDA- P A + OBLIQUAS + HIRTZ(1301149);;;
;;;;;;;;;;;;;;;;;;;;;;DETERMINACAO DE CROMATOGRAFIA DE AMINOACIDOS(2280282);;;;;;;OSSOS DA FACE - M.N. + LATERAL + HIRTZ(1301071);;;
;;;;;;;;;;;;;;;;;;;;;;DETERMINACAO DE CURVA DE RESISTENCIA GLOBULAR(2280315);;;;;;;PANORAMICA DE MANDIBULA - ORTOPANTOGRAFIA                   (1301120);;;
;;;;;;;;;;;;;;;;;;;;;;DETERMINACAO DE CURVA GLICEMICA (2 DOSAGENS)(2280167);;;;;;;PANORAMICA DE MEMBROS INFERIORES(1301072);;;
;;;;;;;;;;;;;;;;;;;;;;DETERMINACAO DE CURVA GLICEMICA C/ INDUCAO POR CORTISONA ( 5 DOSAGENS)(2280283);;;;;;;PE OU PODODACTILOS DIREITO(1301152);;;
;;;;;;;;;;;;;;;;;;;;;;DETERMINACAO DE CURVA GLICEMICA C/ INDUCAO POR CORTISONA (4 DOSAGENS)(2280284);;;;;;;PE OU PODODACTILOS ESQUERDO(1301153);;;
;;;;;;;;;;;;;;;;;;;;;;DETERMINACAO DE ENZIMAS ERITROCITARIAS (CADA)(2280316);;;;;;;PERNA DIREITA(1301150);;;
;;;;;;;;;;;;;;;;;;;;;;DETERMINACAO DE FOSFOLIPIDIOS RELACAO LECITINA - ESFINGOMIELINA NO LIQUIDO AMNIOTICO(2280540);;;;;;;PERNA ESQUERDA(1301151);;;
;;;;;;;;;;;;;;;;;;;;;;DETERMINACAO DE INDICE DE TIROXINA LIVRE(2280485);;;;;;;PLANIGRAFIA DE COLUNA VERTEBRAL ( DOIS PLANOS)(1301080);;;
;;;;;;;;;;;;;;;;;;;;;;DETERMINACAO DE OSMOLALIDADE(2280416);;;;;;;PLANIGRAFIA DE OSSO/SUBSIDIARIA A OUTROS EXAMES - POR PLANO(1301082);;;
;;;;;;;;;;;;;;;;;;;;;;DETERMINACAO DE OSMOLARIDADE(2280285);;;;;;;PUNHO : AP + LATERAL + OBLIQUOS(1301087);;;
;;;;;;;;;;;;;;;;;;;;;;DETERMINACAO DE RETENCAO DE T3(2280486);;;;;;;PUNHO DIREITO: AP + LATERAL + OBLIQUOS(1301154);;;
;;;;;;;;;;;;;;;;;;;;;;DETERMINACAO DE SULFO-HEMOGLOBINA(2280317);;;;;;;PUNHO ESQUERDO: AP + LATERAL + OBLIQUOS(1301155);;;
;;;;;;;;;;;;;;;;;;;;;;DETERMINACAO DE T3 REVERSO(2280487);;;;;;;QUIRODACTILOS (DIREITO)(1301194);;;
;;;;;;;;;;;;;;;;;;;;;;DETERMINACAO DE TEMPO DE COAGULACAO (2280060);;;;;;;QUIRODACTILOS (ESQUERDO)(1301193);;;
;;;;;;;;;;;;;;;;;;;;;;DETERMINACAO DE TEMPO DE LISE DA EUGLOBULINA(2280318);;;;;;;RADIOGRAFIA DE CAVUM (LATERAL + HIRTZ)(1301020);;;
;;;;;;;;;;;;;;;;;;;;;;DETERMINACAO DE TEMPO DE SANGRAMENTO ( DUKE )(2280061);;;;;;;RADIOGRAFIA DE PNEUMOMEDIASTINO                                                                     (1301250);;;
;;;;;;;;;;;;;;;;;;;;;;DETERMINACAO DE TEMPO DE SANGRAMENTO DE IVY(2280319);;;;;;;RADIOGRAFIA OCLUSAL                                                                                 (1301248);;;
;;;;;;;;;;;;;;;;;;;;;;DETERMINACAO DE TEMPO DE SOBREVIDA DE HEMACIAS(2280320);;;;;;;RADIOGRAFIA PERI-APICAL INTERPROXIMAL (BITE-WING)(1301314);;;
;;;;;;;;;;;;;;;;;;;;;;DETERMINACAO DE TEMPO DE TROMBINA(2280168);;;;;;;SACRO-COCCIX (AP E PERFIL)(1301182);;;
;;;;;;;;;;;;;;;;;;;;;;DETERMINACAO DE TEMPO DE TROMBOPLASTINA PARCIAL  (TTP A)(2280062);;;;;;;SEIOS DA FACE : F.N. , M.N. , LATERAL - HIRTZ(1301091);;;
;;;;;;;;;;;;;;;;;;;;;;DETERMINACAO DE TEMPO E ATIVIDADE DA PROTROMBINA (TAP)(2280063);;;;;;;SELA TURSICA : PA + LATERAL + BRETTON(1301092);;;
;;;;;;;;;;;;;;;;;;;;;;DIHIDROTESTOSTERONA - DHT(2280235);;;;;;;TELERADIOGRAFIA COM TRACADOS E SEM TRACADOS                                                         (1301249);;;
;;;;;;;;;;;;;;;;;;;;;;DOSAGEM DA FRAÃ‡ÃƒO C1Q DO COMPLEMENTO(2280398);;;;;;;TORAX  PA + INSPIRACAO + EXPIRACAO + LATERAL(1301097);;;
;;;;;;;;;;;;;;;;;;;;;;DOSAGEM DE 17-CETOSTEROIDES TOTAIS(2280488);;;;;;;TORAX (PA PADRAO OIT)(1301240);;;
;;;;;;;;;;;;;;;;;;;;;;DOSAGEM DE 17-HIDROXICORTICOSTEROIDES(2280489);;;;;;;TORAX : APICO - LORDORTICA(1301100);;;
;;;;;;;;;;;;;;;;;;;;;;DOSAGEM DE 25 HIDROXIVITAMINA D(2280177);;;;;;;TORAX : PA E PERFIL(1301096);;;
;;;;;;;;;;;;;;;;;;;;;;DOSAGEM DE 5-NUCLEOTIDASE(2280286);;;;;;;TORAX PA + LAT. + OBLIQUA(1301098);;;
;;;;;;;;;;;;;;;;;;;;;;DOSAGEM DE ACETONA(2280287);;;;;;;TORAX:  P.A(1301099);;;
;;;;;;;;;;;;;;;;;;;;;;DOSAGEM DE ACIDO 5-HIDROXI-INDOL-ACETICOÂ (SEROTONINA)(2280265);;;;;;;TRANSITO E MORFOLOGIA DO DELGADO(1301327);;;
;;;;;;;;;;;;;;;;;;;;;;DOSAGEM DE ACIDO DELTA-AMINOLEVULINICO(2280505);;;;;;;UROGRAFIA VENOSA MINUTADA - 1 - 2 - 3(1301107);;;
;;;;;;;;;;;;;;;;;;;;;;DOSAGEM DE ACIDO HIPURICO(2280506);;;;;;;UROGRAFIA VENOSA(1301241);;;
;;;;;;;;;;;;;;;;;;;;;;DOSAGEM DE ACIDO MANDELICO(2280507);;;;;;;;;;
;;;;;;;;;;;;;;;;;;;;;;DOSAGEM DE ACIDO METIL-HIPURICO(2280508);;;;;;;;;;
;;;;;;;;;;;;;;;;;;;;;;DOSAGEM DE ACIDO VALPROICO(2280509);;;;;;;;;;
;;;;;;;;;;;;;;;;;;;;;;DOSAGEM DE ACIDO VANILMANDELICO(2280288);;;;;;;;;;
;;;;;;;;;;;;;;;;;;;;;;DOSAGEM DE ALDOLASE(2280289);;;;;;;;;;
;;;;;;;;;;;;;;;;;;;;;;DOSAGEM DE ALDOSTERONA(2280490);;;;;;;;;;
;;;;;;;;;;;;;;;;;;;;;;DOSAGEM DE ALFA-2-MACROGLOBULINA(2280290);;;;;;;;;;
;;;;;;;;;;;;;;;;;;;;;;DOSAGEM DE ALUMINIO(2280510);;;;;;;;;;
;;;;;;;;;;;;;;;;;;;;;;DOSAGEM DE AMONIA(2280291);;;;;;;;;;
;;;;;;;;;;;;;;;;;;;;;;DOSAGEM DE AMP CICLICO(2280491);;;;;;;;;;
;;;;;;;;;;;;;;;;;;;;;;DOSAGEM DE ANFETAMINAS(2280511);;;;;;;;;;
;;;;;;;;;;;;;;;;;;;;;;DOSAGEM DE ANTICOAGULANTE CIRCULANTE(2280321);;;;;;;;;;
;;;;;;;;;;;;;;;;;;;;;;DOSAGEM DE ANTICORPOS ANTITRANSGLUTAMINAISE RECOMBINANTE HUMANO IGA(2280397);;;;;;;;;;
;;;;;;;;;;;;;;;;;;;;;;DOSAGEM DE ANTITROMBINA III(2280227);;;;;;;;;;
;;;;;;;;;;;;;;;;;;;;;;DOSAGEM DE BARBITURATOS(2280512);;;;;;;;;;
;;;;;;;;;;;;;;;;;;;;;;DOSAGEM DE CADMIO(2280513);;;;;;;;;;
;;;;;;;;;;;;;;;;;;;;;;DOSAGEM DE CALCITONINA(2280492);;;;;;;;;;
;;;;;;;;;;;;;;;;;;;;;;DOSAGEM DE CARBAMAZEPINA(2280514);;;;;;;;;;
;;;;;;;;;;;;;;;;;;;;;;DOSAGEM DE CARBOXI-HEMOGLOBINA(2280515);;;;;;;;;;
;;;;;;;;;;;;;;;;;;;;;;DOSAGEM DE CAROTENO(2280292);;;;;;;;;;
;;;;;;;;;;;;;;;;;;;;;;DOSAGEM DE CERULOPLASMINA(2280293);;;;;;;;;;
;;;;;;;;;;;;;;;;;;;;;;DOSAGEM DE CICLOSPORINA(2280516);;;;;;;;;;
;;;;;;;;;;;;;;;;;;;;;;DOSAGEM DE CITRATO(2280418);;;;;;;;;;
;;;;;;;;;;;;;;;;;;;;;;DOSAGEM DE COBRE(2280517);;;;;;;;;;
;;;;;;;;;;;;;;;;;;;;;;DOSAGEM DE COLINESTERASE(2280294);;;;;;;;;;
;;;;;;;;;;;;;;;;;;;;;;DOSAGEM DE CORTISOL(2280178);;;;;;;;;;
;;;;;;;;;;;;;;;;;;;;;;DOSAGEM DE CREATININA NO LIQUIDO AMNIOTICO(2280541);;;;;;;;;;
;;;;;;;;;;;;;;;;;;;;;;DOSAGEM DE CREATINOFOSFOQUINASE (CPK)(2280066);;;;;;;;;;
;;;;;;;;;;;;;;;;;;;;;;DOSAGEM DE CRIOAGLUTININA(2280341);;;;;;;;;;
;;;;;;;;;;;;;;;;;;;;;;DOSAGEM DE DESIDROGENASE ALFA-HIDROXIBUTIRICA(2280295);;;;;;;;;;
;;;;;;;;;;;;;;;;;;;;;;DOSAGEM DE DESIDROGENASE GLUTAMICA(2280296);;;;;;;;;;
;;;;;;;;;;;;;;;;;;;;;;DOSAGEM DE DESIDROGENASE LATICA (ISOENZIMAS FRACIONADAS)(2280297);;;;;;;;;;
;;;;;;;;;;;;;;;;;;;;;;DOSAGEM DE DESIDROGENASE LATICA(2280067);;;;;;;;;;
;;;;;;;;;;;;;;;;;;;;;;DOSAGEM DE ESTERCOBILINOGENIO FECAL(2280403);;;;;;;;;;
;;;;;;;;;;;;;;;;;;;;;;DOSAGEM DE ESTRIOL(2280186);;;;;;;;;;
;;;;;;;;;;;;;;;;;;;;;;DOSAGEM DE ESTRONA(2280187);;;;;;;;;;
;;;;;;;;;;;;;;;;;;;;;;DOSAGEM DE FATOR V(2280322);;;;;;;;;;
;;;;;;;;;;;;;;;;;;;;;;DOSAGEM DE FATOR VIII (INIBIDOR)(2280323);;;;;;;;;;
;;;;;;;;;;;;;;;;;;;;;;DOSAGEM DE FATOR VON WILLEBRAND (ANTIGENO)(2280324);;;;;;;;;;
;;;;;;;;;;;;;;;;;;;;;;DOSAGEM DE FATOR XIII(2280325);;;;;;;;;;
;;;;;;;;;;;;;;;;;;;;;;DOSAGEM DE FENITOINA(2280518);;;;;;;;;;
;;;;;;;;;;;;;;;;;;;;;;DOSAGEM DE FENOL(2280519);;;;;;;;;;
;;;;;;;;;;;;;;;;;;;;;;DOSAGEM DE FIBRINOGENIO(2280326);;;;;;;;;;
;;;;;;;;;;;;;;;;;;;;;;DOSAGEM DE FORMALDEIDO(2280520);;;;;;;;;;
;;;;;;;;;;;;;;;;;;;;;;DOSAGEM DE FOSFATASE ÃCIDA NO ESPERMA(2280551);;;;;;;;;;
;;;;;;;;;;;;;;;;;;;;;;DOSAGEM DE FOSFATASE ACIDA TOTAL(2280298);;;;;;;;;;
;;;;;;;;;;;;;;;;;;;;;;DOSAGEM DE FOSFATASE ALCALINA NO ESPERMA(2280542);;;;;;;;;;
;;;;;;;;;;;;;;;;;;;;;;DOSAGEM DE FRACAO PROSTATICA DA FOSFATASE ACIDA(2280299);;;;;;;;;;
;;;;;;;;;;;;;;;;;;;;;;DOSAGEM DE FRUTOSE NO ESPERMA(2280197);;;;;;;;;;
;;;;;;;;;;;;;;;;;;;;;;DOSAGEM DE FRUTOSE(2280252);;;;;;;;;;
;;;;;;;;;;;;;;;;;;;;;;DOSAGEM DE GALACTOSE(2280300);;;;;;;;;;
;;;;;;;;;;;;;;;;;;;;;;DOSAGEM DE GASTRINA(2280253);;;;;;;;;;
;;;;;;;;;;;;;;;;;;;;;;DOSAGEM DE GLICOSE NO LIQUIDO SINOVIAL E DERRAMES(2280543);;;;;;;;;;
;;;;;;;;;;;;;;;;;;;;;;DOSAGEM DE GLICOSE-6-FOSFATO DESIDROGENASE(2280301);;;;;;;;;;
;;;;;;;;;;;;;;;;;;;;;;DOSAGEM DE GLOBULINA TRANSPORTADORA DE TIROXINA(2280493);;;;;;;;;;
;;;;;;;;;;;;;;;;;;;;;;DOSAGEM DE GORDURA FECAL(2280207);;;;;;;;;;
;;;;;;;;;;;;;;;;;;;;;;DOSAGEM DE HAPTOGLOBINA(2280254);;;;;;;;;;
;;;;;;;;;;;;;;;;;;;;;;DOSAGEM DE HEMOGLOBINA - INSTABILIDADE A 37OC(2280327);;;;;;;;;;
;;;;;;;;;;;;;;;;;;;;;;DOSAGEM DE HEMOGLOBINA FETAL(2280328);;;;;;;;;;
;;;;;;;;;;;;;;;;;;;;;;DOSAGEM DE HEMOGLOBINA(2280068);;;;;;;;;;
;;;;;;;;;;;;;;;;;;;;;;DOSAGEM DE HEMOSSIDERINA(2280329);;;;;;;;;;
;;;;;;;;;;;;;;;;;;;;;;DOSAGEM DE HIDROXIPROLINA(2280302);;;;;;;;;;
;;;;;;;;;;;;;;;;;;;;;;DOSAGEM DE IMUNOGLOBULINA A (IGA)  (2280175);;;;;;;;;;
;;;;;;;;;;;;;;;;;;;;;;DOSAGEM DE IMUNOGLOBULINA E (IGE)(2280174);;;;;;;;;;
;;;;;;;;;;;;;;;;;;;;;;DOSAGEM DE IMUNOGLOBULINA G (IGG)                                                                   (2280438);;;;;;;;;;
;;;;;;;;;;;;;;;;;;;;;;DOSAGEM DE IMUNOGLOBULINA M (IGM)(2280176);;;;;;;;;;
;;;;;;;;;;;;;;;;;;;;;;DOSAGEM DE INIBIDOR DE C1-ESTERASE(2280257);;;;;;;;;;
;;;;;;;;;;;;;;;;;;;;;;DOSAGEM DE ISOMERASE-FOSFOHEXOSE(2280303);;;;;;;;;;
;;;;;;;;;;;;;;;;;;;;;;DOSAGEM DE LACTATO(2280304);;;;;;;;;;
;;;;;;;;;;;;;;;;;;;;;;DOSAGEM DE LEUCINO-AMINOPEPTIDASE(2280305);;;;;;;;;;
;;;;;;;;;;;;;;;;;;;;;;DOSAGEM DE MERCURIO(2280521);;;;;;;;;;
;;;;;;;;;;;;;;;;;;;;;;DOSAGEM DE META-HEMOGLOBINA(2280522);;;;;;;;;;
;;;;;;;;;;;;;;;;;;;;;;DOSAGEM DE METOTREXATO(2280523);;;;;;;;;;
;;;;;;;;;;;;;;;;;;;;;;DOSAGEM DE MICROALBUMINA NA URINA(2280194);;;;;;;;;;
;;;;;;;;;;;;;;;;;;;;;;DOSAGEM DE OXALATO(2280419);;;;;;;;;;
;;;;;;;;;;;;;;;;;;;;;;DOSAGEM DE PEPTIDEO C(2280202);;;;;;;;;;
;;;;;;;;;;;;;;;;;;;;;;DOSAGEM DE PIRUVATO(2280306);;;;;;;;;;
;;;;;;;;;;;;;;;;;;;;;;DOSAGEM DE PLASMINOGENIO(2280330);;;;;;;;;;
;;;;;;;;;;;;;;;;;;;;;;DOSAGEM DE PORFIRINAS(2280307);;;;;;;;;;
;;;;;;;;;;;;;;;;;;;;;;DOSAGEM DE POTASSIO(2280069);;;;;;;;;;
;;;;;;;;;;;;;;;;;;;;;;DOSAGEM DE PROTEINA C REATIVA(2280273);;;;;;;;;;
;;;;;;;;;;;;;;;;;;;;;;DOSAGEM DE PROTEINAS ( URINA DE 24 HORAS )(2280070);;;;;;;;;;
;;;;;;;;;;;;;;;;;;;;;;DOSAGEM DE PROTEINAS NO LIQUIDO SINOVIAL E DERRAMES(2280544);;;;;;;;;;
;;;;;;;;;;;;;;;;;;;;;;DOSAGEM DE PROTEINAS TOTAIS(2280169);;;;;;;;;;
;;;;;;;;;;;;;;;;;;;;;;DOSAGEM DE RENINA(2280494);;;;;;;;;;
;;;;;;;;;;;;;;;;;;;;;;DOSAGEM DE SODIO(2280071);;;;;;;;;;
;;;;;;;;;;;;;;;;;;;;;;DOSAGEM DE SOMATOMEDINA C (IGF1)(2280267);;;;;;;;;;
;;;;;;;;;;;;;;;;;;;;;;DOSAGEM DE SULFATO DE HIDROEPIANDROSTERONA (DHEAS)(2280495);;;;;;;;;;
;;;;;;;;;;;;;;;;;;;;;;DOSAGEM DE TRIPTOFANO(2280308);;;;;;;;;;
;;;;;;;;;;;;;;;;;;;;;;DOSAGEM DE TROPONINA(2280211);;;;;;;;;;
;;;;;;;;;;;;;;;;;;;;;;DOSAGEM DE ZINCO(2280185);;;;;;;;;;
;;;;;;;;;;;;;;;;;;;;;;DOSAGEM DO  ANTIGENO  CA 125(2280188);;;;;;;;;;
;;;;;;;;;;;;;;;;;;;;;;DOSAGEM E/OU FRACIONAMENTO DE ACIDOS ORGANICOS(2280420);;;;;;;;;;
;;;;;;;;;;;;;;;;;;;;;;EAS - SUMARIO DE URINA(2280072);;;;;;;;;;
;;;;;;;;;;;;;;;;;;;;;;ELETROFORESE DE HEMOGLOBINA(2280237);;;;;;;;;;
;;;;;;;;;;;;;;;;;;;;;;ELETROFORESE DE LIPOPROTEINAS(2280238);;;;;;;;;;
;;;;;;;;;;;;;;;;;;;;;;ELETROFORESE DE PROTEINAS C/ CONCENTRACAO NO LIQUOR(2280545);;;;;;;;;;
;;;;;;;;;;;;;;;;;;;;;;ELETROFORESE DE PROTEINAS(2280236);;;;;;;;;;
;;;;;;;;;;;;;;;;;;;;;;ERITROGRAMA( ERITROCITOS, HEMOGLOBINA, HEMATOCRITO )(2280154);;;;;;;;;;
;;;;;;;;;;;;;;;;;;;;;;ESPECTROFOTOMETRIA NO LIQUIDO AMNIOTICO(2280546);;;;;;;;;;
;;;;;;;;;;;;;;;;;;;;;;ESPLENOGRAMA(2280547);;;;;;;;;;
;;;;;;;;;;;;;;;;;;;;;;ESTRADIOL(2280073);;;;;;;;;;
;;;;;;;;;;;;;;;;;;;;;;EXAME COPROLOGICO FUNCIONAL(2280404);;;;;;;;;;
;;;;;;;;;;;;;;;;;;;;;;EXAME DE CARACTERES FISICOS CONTAGEM GLOBAL E ESPECIFICA DE CELULAS(2280548);;;;;;;;;;
;;;;;;;;;;;;;;;;;;;;;;EXAME LABORATORIAL PARA DOENÃ‡A DE GAUCHER I(2280399);;;;;;;;;;
;;;;;;;;;;;;;;;;;;;;;;EXAME LABORATORIAL PARA DOENÃ‡A DE GAUCHER II(2280400);;;;;;;;;;
;;;;;;;;;;;;;;;;;;;;;;EXAME MICROBIOLOGICO A FRESCO ( MICOLOGICO DIRETO)(2280179);;;;;;;;;;
;;;;;;;;;;;;;;;;;;;;;;EXAME QUALITATIVO DE CALCULOS URINARIOS(2280421);;;;;;;;;;
;;;;;;;;;;;;;;;;;;;;;;FAN - ANTICORPOS ANTI-NUCLEO , IFI(2280074);;;;;;;;;;
;;;;;;;;;;;;;;;;;;;;;;FATOR II - DOSAGEM(2280240);;;;;;;;;;
;;;;;;;;;;;;;;;;;;;;;;FATOR IX - DOSAGEM(2280245);;;;;;;;;;
;;;;;;;;;;;;;;;;;;;;;;FATOR REUMATOIDE , TESTE DO LATEX(2280075);;;;;;;;;;
;;;;;;;;;;;;;;;;;;;;;;FATOR RH (INCLUI DO FRACO)                                  (2280076);;;;;;;;;;
;;;;;;;;;;;;;;;;;;;;;;FATOR VII - DOSAGEM(2280243);;;;;;;;;;
;;;;;;;;;;;;;;;;;;;;;;FATOR VIII - DOSAGEM(2280244);;;;;;;;;;
;;;;;;;;;;;;;;;;;;;;;;FATOR X - DOSAGEM(2280246);;;;;;;;;;
;;;;;;;;;;;;;;;;;;;;;;FATOR XI - DOSAGEM(2280247);;;;;;;;;;
;;;;;;;;;;;;;;;;;;;;;;FATOR XII - DOSAGEM(2280248);;;;;;;;;;
;;;;;;;;;;;;;;;;;;;;;;FENOTIPAGEM DE SISTEMA RH - HR(2280568);;;;;;;;;;
;;;;;;;;;;;;;;;;;;;;;;FERRITINA                                                   (2280077);;;;;;;;;;
;;;;;;;;;;;;;;;;;;;;;;FERRO SERICO(2280078);;;;;;;;;;
;;;;;;;;;;;;;;;;;;;;;;FOLICULO ESTIMULANTE, HORMONIO - FSH(2280079);;;;;;;;;;
;;;;;;;;;;;;;;;;;;;;;;FOSFATASE ALCALINA(2280080);;;;;;;;;;
;;;;;;;;;;;;;;;;;;;;;;FOSFORO URINARIO(2280250);;;;;;;;;;
;;;;;;;;;;;;;;;;;;;;;;FOSFORO(2280081);;;;;;;;;;
;;;;;;;;;;;;;;;;;;;;;;GAMA-GLUTAMIL TRANSFERASE - GAMA GT(2280082);;;;;;;;;;
;;;;;;;;;;;;;;;;;;;;;;GASOMETRIA (PH PCO2 PO2 BICARBONATO AS2 (EXCESSO OU DEFICIT BASE )(2280309);;;;;;;;;;
;;;;;;;;;;;;;;;;;;;;;;GLICEMIA DE JEJUM(2280083);;;;;;;;;;
;;;;;;;;;;;;;;;;;;;;;;GLICEMIA POS PRANDIAL(2280084);;;;;;;;;;
;;;;;;;;;;;;;;;;;;;;;;GONADOTROFINA CORIONICA - BETA  HCG(2280085);;;;;;;;;;
;;;;;;;;;;;;;;;;;;;;;;GRUPO ABO - DETERMINACAO(2280086);;;;;;;;;;
;;;;;;;;;;;;;;;;;;;;;;HAV- IGG  ANTICORPOS  IGG CONTRA O VIRUS DA HEPATITE A      (2280088);;;;;;;;;;
;;;;;;;;;;;;;;;;;;;;;;HAV-IGM   ANTICORPOS  IGM CONTRA O VIRUS DA HEPATITE A      (2280089);;;;;;;;;;
;;;;;;;;;;;;;;;;;;;;;;HBEAG - ANTIGENO E DA HEPATITE B(2280090);;;;;;;;;;
;;;;;;;;;;;;;;;;;;;;;;HEMATOCRITO(2280092);;;;;;;;;;
;;;;;;;;;;;;;;;;;;;;;;HEMOCULTURA                                                                                         (2280450);;;;;;;;;;
;;;;;;;;;;;;;;;;;;;;;;HEMOGLOBINA GLICOSILADA(2280094);;;;;;;;;;
;;;;;;;;;;;;;;;;;;;;;;HEMOGRAMA COMPLETO(2280095);;;;;;;;;;
;;;;;;;;;;;;;;;;;;;;;;HERPES SIMPLES , PESQUISA DE ANTICORPOS, IGG                (2280096);;;;;;;;;;
;;;;;;;;;;;;;;;;;;;;;;HERPES SIMPLES , PESQUISA DE ANTICORPOS, IGM                (2280097);;;;;;;;;;
;;;;;;;;;;;;;;;;;;;;;;HERPES ZOSTER , PESQUISA DE ANTICORPOS , IGM(2280098);;;;;;;;;;
;;;;;;;;;;;;;;;;;;;;;;HERPES ZOSTER , PESQUISA DE ANTICORPOS, IGG(2280099);;;;;;;;;;
;;;;;;;;;;;;;;;;;;;;;;HORMONIO DE CRESCIMENTO - HGH(2280160);;;;;;;;;;
;;;;;;;;;;;;;;;;;;;;;;IDENTIFICAÃ‡ÃƒO DE GLICÃDIOS URINÃRIOS POR CROMATOGRAFIA (CAMADA DELGADA)(2280417);;;;;;;;;;
;;;;;;;;;;;;;;;;;;;;;;IDENTIFICAÃ‡AO AUTOMATIZADA DE MICRORGANISMOS(2280180);;;;;;;;;;
;;;;;;;;;;;;;;;;;;;;;;IDENTIFICACAO DE ANTICORPOS SERICOS IRREGULARES C/ PAINEL DE HEMACIAS(2280569);;;;;;;;;;
;;;;;;;;;;;;;;;;;;;;;;IDENTIFICACAO DE FRAGMENTOS DE HELMINTOS(2280405);;;;;;;;;;
;;;;;;;;;;;;;;;;;;;;;;IMUNOELETROFORESE DE PROTEINAS(2280204);;;;;;;;;;
;;;;;;;;;;;;;;;;;;;;;;IMUNOFENOTIPAGEM DE HEMOPATIAS MALIGNAS (POR MARCADOR)(2280343);;;;;;;;;;
;;;;;;;;;;;;;;;;;;;;;;INSULINA(2280101);;;;;;;;;;
;;;;;;;;;;;;;;;;;;;;;;LEUCOGRAMA(2280156);;;;;;;;;;
;;;;;;;;;;;;;;;;;;;;;;LH LUTEINIZANTE HORMONIO(2280102);;;;;;;;;;
;;;;;;;;;;;;;;;;;;;;;;LINFOCITOS B , CONTAGEM(2280232);;;;;;;;;;
;;;;;;;;;;;;;;;;;;;;;;LIPASE(2280103);;;;;;;;;;
;;;;;;;;;;;;;;;;;;;;;;LITIO SERICO(2280104);;;;;;;;;;
;;;;;;;;;;;;;;;;;;;;;;MAGNESIO URINARIO(2280258);;;;;;;;;;
;;;;;;;;;;;;;;;;;;;;;;MAGNESIO(2280105);;;;;;;;;;
;;;;;;;;;;;;;;;;;;;;;;MIELOGRAMA(2280549);;;;;;;;;;
;;;;;;;;;;;;;;;;;;;;;;MUCO PROTEINAS(2280106);;;;;;;;;;
;;;;;;;;;;;;;;;;;;;;;;PARASITOLOGICO (METODOS DE CONCENTRACAO)(2280107);;;;;;;;;;
;;;;;;;;;;;;;;;;;;;;;;PARATORMONIO - DOSAGEM(2280111);;;;;;;;;;
;;;;;;;;;;;;;;;;;;;;;;PEQUISA DE PNEUMOCYSTI CARINI                                                                       (2280451);;;;;;;;;;
;;;;;;;;;;;;;;;;;;;;;;PESQUISA / DOSAGEM DE AMINOACIDOS (POR CROMATOGRAFIA)(2280422);;;;;;;;;;
;;;;;;;;;;;;;;;;;;;;;;PESQUISA DE ALCAPTONA NA URINA(2280423);;;;;;;;;;
;;;;;;;;;;;;;;;;;;;;;;PESQUISA DE AMINOACIDOS NA URINA(2280424);;;;;;;;;;
;;;;;;;;;;;;;;;;;;;;;;PESQUISA DE ANTICORPO IGG ANTICARDIOLIPINA(2280192);;;;;;;;;;
;;;;;;;;;;;;;;;;;;;;;;PESQUISA DE ANTICORPO IGM ANTICARDIOLIPINA(2280193);;;;;;;;;;
;;;;;;;;;;;;;;;;;;;;;;PESQUISA DE ANTICORPOS ANTIADENOVIRUS(2280347);;;;;;;;;;
;;;;;;;;;;;;;;;;;;;;;;PESQUISA DE ANTICORPOS ANTIAMEBAS(2280348);;;;;;;;;;
;;;;;;;;;;;;;;;;;;;;;;PESQUISA DE ANTICORPOS ANTIASPERGILLUS(2280349);;;;;;;;;;
;;;;;;;;;;;;;;;;;;;;;;PESQUISA DE ANTICORPOS ANTIBRUCELAS                                                                 (2280440);;;;;;;;;;
;;;;;;;;;;;;;;;;;;;;;;PESQUISA DE ANTICORPOS ANTICISTICERCO(2280350);;;;;;;;;;
;;;;;;;;;;;;;;;;;;;;;;PESQUISA DE ANTICORPOS ANTICLAMIDIA (POR IMUNOFLUORESCENCIA)(2280351);;;;;;;;;;
;;;;;;;;;;;;;;;;;;;;;;PESQUISA DE ANTICORPOS ANTICORTEX SUPRARENAL(2280352);;;;;;;;;;
;;;;;;;;;;;;;;;;;;;;;;PESQUISA DE ANTICORPOS ANTI-DNA(2280191);;;;;;;;;;
;;;;;;;;;;;;;;;;;;;;;;PESQUISA DE ANTICORPOS ANTIEQUINOCOCOS(2280353);;;;;;;;;;
;;;;;;;;;;;;;;;;;;;;;;PESQUISA DE ANTICORPOS ANTIESCLERODERMAÂ (SCL 70)(2280228);;;;;;;;;;
;;;;;;;;;;;;;;;;;;;;;;PESQUISA DE ANTICORPOS ANTIESPERMATOZOIDES ( ELISA )(2280550);;;;;;;;;;
;;;;;;;;;;;;;;;;;;;;;;PESQUISA DE ANTICORPOS ANTIESPERMATOZOIDES(2280354);;;;;;;;;;
;;;;;;;;;;;;;;;;;;;;;;PESQUISA DE ANTICORPOS ANTIESTREPTOLISINA O (ASLO)                                                  (2280441);;;;;;;;;;
;;;;;;;;;;;;;;;;;;;;;;PESQUISA DE ANTICORPOS ANTIFIGADO(2280355);;;;;;;;;;
;;;;;;;;;;;;;;;;;;;;;;PESQUISA DE ANTICORPOS ANTIGLOMERULO(2280356);;;;;;;;;;
;;;;;;;;;;;;;;;;;;;;;;PESQUISA DE ANTICORPOS ANTI-HELICOBACTER PYLORI(2280344);;;;;;;;;;
;;;;;;;;;;;;;;;;;;;;;;PESQUISA DE ANTICORPOS ANTI-HIV-1 (WESTERN BLOT)(2280345);;;;;;;;;;
;;;;;;;;;;;;;;;;;;;;;;PESQUISA DE ANTICORPOS ANTIILHOTA DE LANGERHANS(2280357);;;;;;;;;;
;;;;;;;;;;;;;;;;;;;;;;PESQUISA DE ANTICORPOS ANTIINSULINA(2280358);;;;;;;;;;
;;;;;;;;;;;;;;;;;;;;;;PESQUISA DE ANTICORPOS ANTILEPTOSPIRAS(2280359);;;;;;;;;;
;;;;;;;;;;;;;;;;;;;;;;PESQUISA DE ANTICORPOS ANTILISTERIA(2280360);;;;;;;;;;
;;;;;;;;;;;;;;;;;;;;;;PESQUISA DE ANTICORPOS ANTIMITOCONDRIA(2280361);;;;;;;;;;
;;;;;;;;;;;;;;;;;;;;;;PESQUISA DE ANTICORPOS ANTIMUSCULO ESTRIADO(2280362);;;;;;;;;;
;;;;;;;;;;;;;;;;;;;;;;PESQUISA DE ANTICORPOS ANTIMUSCULO LISO(2280363);;;;;;;;;;
;;;;;;;;;;;;;;;;;;;;;;PESQUISA DE ANTICORPOS ANTIPARIETAIS(2280364);;;;;;;;;;
;;;;;;;;;;;;;;;;;;;;;;PESQUISA DE ANTICORPOS ANTIPLASMODIOS(2280365);;;;;;;;;;
;;;;;;;;;;;;;;;;;;;;;;PESQUISA DE ANTICORPOS ANTI-RIBONUCLEOPROTEINA (RNP)(2280205);;;;;;;;;;
;;;;;;;;;;;;;;;;;;;;;;PESQUISA DE ANTICORPOS ANTI-SCHISTOSOMAS(2280346);;;;;;;;;;
;;;;;;;;;;;;;;;;;;;;;;PESQUISA DE ANTICORPOS ANTI-SM(2280206);;;;;;;;;;
;;;;;;;;;;;;;;;;;;;;;;PESQUISA DE ANTICORPOS ANTI-SS-A (RO)(2280189);;;;;;;;;;
;;;;;;;;;;;;;;;;;;;;;;PESQUISA DE ANTICORPOS ANTI-SS-B (LA)(2280190);;;;;;;;;;
;;;;;;;;;;;;;;;;;;;;;;PESQUISA DE ANTICORPOS ANTITIREOGLOBULINA(2280277);;;;;;;;;;
;;;;;;;;;;;;;;;;;;;;;;PESQUISA DE ANTICORPOS CONTRA HISTOPLASMA(2280366);;;;;;;;;;
;;;;;;;;;;;;;;;;;;;;;;PESQUISA DE ANTICORPOS CONTRA O SPOROTRIX SCHENKII(2280367);;;;;;;;;;
;;;;;;;;;;;;;;;;;;;;;;PESQUISA DE ANTICORPOS CONTRA O VIRUS DA HEPATITE D (ANTI-HDV)(2280368);;;;;;;;;;
;;;;;;;;;;;;;;;;;;;;;;PESQUISA DE ANTICORPOS CONTRA O VIRUS DO SARAMPO(2280369);;;;;;;;;;
;;;;;;;;;;;;;;;;;;;;;;PESQUISA DE ANTICORPOS CONTRA PARACOCCIDIOIDES BRASILIENSIS(2280158);;;;;;;;;;
;;;;;;;;;;;;;;;;;;;;;;PESQUISA DE ANTICORPOS E/OU ANTIGENO DO VIRUS SINCICIAL RESPIRATORIO(2280370);;;;;;;;;;
;;;;;;;;;;;;;;;;;;;;;;PESQUISA DE ANTICORPOS EIE ANTICLAMIDIA(2280371);;;;;;;;;;
;;;;;;;;;;;;;;;;;;;;;;PESQUISA DE ANTICORPOS HETEROFILOS CONTA O VIRUS EPSTEIN BARR (MONONUCLEOSE)(2280170);;;;;;;;;;
;;;;;;;;;;;;;;;;;;;;;;PESQUISA DE ANTICORPOS IGG ANTILEISHMANIAS(2280373);;;;;;;;;;
;;;;;;;;;;;;;;;;;;;;;;PESQUISA DE ANTICORPOS IGG ANTITRIPANOSOMA CRUZI(2280115);;;;;;;;;;
;;;;;;;;;;;;;;;;;;;;;;PESQUISA DE ANTICORPOS IGG CONTRA ARBOVIRUS(2280376);;;;;;;;;;
;;;;;;;;;;;;;;;;;;;;;;PESQUISA DE ANTICORPOS IGG CONTRA O VIRUS EPSTEIN-BARR(2280199);;;;;;;;;;
;;;;;;;;;;;;;;;;;;;;;;PESQUISA DE ANTICORPOS IGG E IGM CONTRA ANTIGENO CENTRAL DO VIRUS DA HEPATITE B (ANTI-HBC-TOTAL)(2280375);;;;;;;;;;
;;;;;;;;;;;;;;;;;;;;;;PESQUISA DE ANTICORPOS IGM ANTILEISHMANIAS(2280378);;;;;;;;;;
;;;;;;;;;;;;;;;;;;;;;;PESQUISA DE ANTICORPOS IGM ANTITRIPANOSOMA CRUZI(2280116);;;;;;;;;;
;;;;;;;;;;;;;;;;;;;;;;PESQUISA DE ANTICORPOS IGM CONTRA ARBOVIRUS(2280381);;;;;;;;;;
;;;;;;;;;;;;;;;;;;;;;;PESQUISA DE ANTICORPOS IGM CONTRA O VIRUS EPSTEIN-BARR(2280198);;;;;;;;;;
;;;;;;;;;;;;;;;;;;;;;;PESQUISA DE ANTICORPOS IRREGULARES PELO METODO DA ELUICAO(2280570);;;;;;;;;;
;;;;;;;;;;;;;;;;;;;;;;PESQUISA DE ANTICORPOS SERICOS IRREGULARES 37OC(2280571);;;;;;;;;;
;;;;;;;;;;;;;;;;;;;;;;PESQUISA DE ANTICORPOS SERICOS IRREGULARES A FRIO(2280572);;;;;;;;;;
;;;;;;;;;;;;;;;;;;;;;;PESQUISA DE ATIVIDADE DO COFATOR DE RISTOCETINA(2280331);;;;;;;;;;
;;;;;;;;;;;;;;;;;;;;;;PESQUISA DE BACILO DIFTERICO                                                                        (2280452);;;;;;;;;;
;;;;;;;;;;;;;;;;;;;;;;PESQUISA DE BETA-MERCAPTO-LACTATO-DISSULFIDURIA(2280425);;;;;;;;;;
;;;;;;;;;;;;;;;;;;;;;;PESQUISA DE CADEIAS LEVES KAPPA E LAMBDA                                                            (2280457);;;;;;;;;;
;;;;;;;;;;;;;;;;;;;;;;PESQUISA DE CARACTERES FISICOS NO LIQUOR(2280552);;;;;;;;;;
;;;;;;;;;;;;;;;;;;;;;;PESQUISA DE CELULAS ORANGIOFILAS(2280553);;;;;;;;;;
;;;;;;;;;;;;;;;;;;;;;;PESQUISA DE CISTINA NA URINA                                                                        (2280458);;;;;;;;;;
;;;;;;;;;;;;;;;;;;;;;;PESQUISA DE COPROPORFIRINA NA URINA                                                                 (2280459);;;;;;;;;;
;;;;;;;;;;;;;;;;;;;;;;PESQUISA DE CORPUSCULOS DE HEINZ(2280332);;;;;;;;;;
;;;;;;;;;;;;;;;;;;;;;;PESQUISA DE CRIOGLOBULINAS(2280383);;;;;;;;;;
;;;;;;;;;;;;;;;;;;;;;;PESQUISA DE CRISTAIS C/ LUZ POLARIZADA(2280554);;;;;;;;;;
;;;;;;;;;;;;;;;;;;;;;;PESQUISA DE ENTEROBIUS VERMICULARES (OXIURUS OXIURA)(2280406);;;;;;;;;;
;;;;;;;;;;;;;;;;;;;;;;PESQUISA DE EOSINOFILOS(2280407);;;;;;;;;;
;;;;;;;;;;;;;;;;;;;;;;PESQUISA DE ERROS INATOS DO METABOLISMO NA URINA                                                    (2280460);;;;;;;;;;
;;;;;;;;;;;;;;;;;;;;;;PESQUISA DE ESPERMATOZOIDES (APOS VASECTOMIA)(2280195);;;;;;;;;;
;;;;;;;;;;;;;;;;;;;;;;PESQUISA DE ESTREPTOCOCOS BETA-HEMOLITICOS DO GRUPO A                                               (2280453);;;;;;;;;;
;;;;;;;;;;;;;;;;;;;;;;PESQUISA DE FATOR REUMATOIDE (WAALER-ROSE)                                                          (2280629);;;;;;;;;;
;;;;;;;;;;;;;;;;;;;;;;PESQUISA DE FENIL-CETONA NA URINA                                                                   (2280461);;;;;;;;;;
;;;;;;;;;;;;;;;;;;;;;;PESQUISA DE FILARIA(2280333);;;;;;;;;;
;;;;;;;;;;;;;;;;;;;;;;PESQUISA DE FRUTOSE NA URINA                                                                        (2280462);;;;;;;;;;
;;;;;;;;;;;;;;;;;;;;;;PESQUISA DE GALACTOSE NA URINA                                                                      (2280463);;;;;;;;;;
;;;;;;;;;;;;;;;;;;;;;;PESQUISA DE GORDURA FECAL(2280159);;;;;;;;;;
;;;;;;;;;;;;;;;;;;;;;;PESQUISA DE HAEMOPHILUS DUCREY                                                                      (2280454);;;;;;;;;;
;;;;;;;;;;;;;;;;;;;;;;PESQUISA DE HELICOBACTER PYLORI(2280255);;;;;;;;;;
;;;;;;;;;;;;;;;;;;;;;;PESQUISA DE HEMOGLOBINA S(2280263);;;;;;;;;;
;;;;;;;;;;;;;;;;;;;;;;PESQUISA DE HIV-1 POR IMUNOFLUORESCENCIA(2280384);;;;;;;;;;
;;;;;;;;;;;;;;;;;;;;;;PESQUISA DE HOMOCISTINA NA URINA                                                                    (2280464);;;;;;;;;;
;;;;;;;;;;;;;;;;;;;;;;PESQUISA DE IMUNOGLOBULINA E (IGE) ALERGENO- ESPECÃFICA - 07(2280625);;;;;;;;;;
;;;;;;;;;;;;;;;;;;;;;;PESQUISA DE IMUNOGLOBULINA E (IGE) ALERGENO- ESPECÃFICA - 08(2280626);;;;;;;;;;
;;;;;;;;;;;;;;;;;;;;;;PESQUISA DE IMUNOGLOBULINA E (IGE) ALERGENO- ESPECÃFICA - 10(2280628);;;;;;;;;;
;;;;;;;;;;;;;;;;;;;;;;PESQUISA DE IMUNOGLOBULINA E (IGE) ALERGENO-ESPECIFICA - 01(2280385);;;;;;;;;;
;;;;;;;;;;;;;;;;;;;;;;PESQUISA DE IMUNOGLOBULINA E (IGE) ALERGENO-ESPECIFICA - 02(2280386);;;;;;;;;;
;;;;;;;;;;;;;;;;;;;;;;PESQUISA DE IMUNOGLOBULINA E (IGE) ALERGENO-ESPECIFICA - 03(2280387);;;;;;;;;;
;;;;;;;;;;;;;;;;;;;;;;PESQUISA DE IMUNOGLOBULINA E (IGE) ALERGENO-ESPECIFICA - 04(2280388);;;;;;;;;;
;;;;;;;;;;;;;;;;;;;;;;PESQUISA DE IMUNOGLOBULINA E (IGE) ALERGENO-ESPECIFICA - 05(2280389);;;;;;;;;;
;;;;;;;;;;;;;;;;;;;;;;PESQUISA DE IMUNOGLOBULINA E (IGE) ALERGENO-ESPECIFICA - 06(2280390);;;;;;;;;;
;;;;;;;;;;;;;;;;;;;;;;PESQUISA DE LACTOSE NA URINA                                                                        (2280465);;;;;;;;;;
;;;;;;;;;;;;;;;;;;;;;;PESQUISA DE LARVAS NAS FEZES                                                                        (2280279);;;;;;;;;;
;;;;;;;;;;;;;;;;;;;;;;PESQUISA DE LEPTOSPIRAS(2280532);;;;;;;;;;
;;;;;;;;;;;;;;;;;;;;;;PESQUISA DE LEUCOCITOS FECAIS(2280161);;;;;;;;;;
;;;;;;;;;;;;;;;;;;;;;;PESQUISA DE LEVEDURAS NAS FEZES(2280408);;;;;;;;;;
;;;;;;;;;;;;;;;;;;;;;;PESQUISA DE MACROPROLACTINA(2280504);;;;;;;;;;
;;;;;;;;;;;;;;;;;;;;;;PESQUISA DE MUCOPOLISSACARIDEOS NA URINA                                                            (2280466);;;;;;;;;;
;;;;;;;;;;;;;;;;;;;;;;PESQUISA DE OVOS DE SCHISTOSOMAS (EM FRAGMENTO DE MUCOSA)(2280409);;;;;;;;;;
;;;;;;;;;;;;;;;;;;;;;;PESQUISA DE PORFOBILINOGENIO NA URINA                                                               (2280467);;;;;;;;;;
;;;;;;;;;;;;;;;;;;;;;;PESQUISA DE PROTEINAS URINARIAS (POR ELETROFORESE)                                                  (2280468);;;;;;;;;;
;;;;;;;;;;;;;;;;;;;;;;PESQUISA DE RAGOCITOS NO LIQUIDO SINOVIAL E DERRAMES(2280555);;;;;;;;;;
;;;;;;;;;;;;;;;;;;;;;;PESQUISA DE ROTAVIRUS NAS FEZES(2280212);;;;;;;;;;
;;;;;;;;;;;;;;;;;;;;;;PESQUISA DE SANGUE OCULTO NAS FEZES(2280117);;;;;;;;;;
;;;;;;;;;;;;;;;;;;;;;;PESQUISA DE SUBSTANCIAS REDUTORAS NAS FEZES(2280410);;;;;;;;;;
;;;;;;;;;;;;;;;;;;;;;;PESQUISA DE TIROSINA NA URINA                                                                       (2280469);;;;;;;;;;
;;;;;;;;;;;;;;;;;;;;;;PESQUISA DE TREPONEMA PALLIDUM                                                                      (2280280);;;;;;;;;;
;;;;;;;;;;;;;;;;;;;;;;PESQUISA DE TRIPANOSSOMA(2280334);;;;;;;;;;
;;;;;;;;;;;;;;;;;;;;;;PESQUISA DE TRIPSINA NAS FEZES(2280411);;;;;;;;;;
;;;;;;;;;;;;;;;;;;;;;;PESQUISA DE TROFOZOITAS NAS FEZES(2280412);;;;;;;;;;
;;;;;;;;;;;;;;;;;;;;;;PESQUISA LABORATORIAL ANTIGENO SUPERFICIE VIRUS HEPATITE B(HBSAG) EXCETO GESTANTE PARCEIRO(2280685);;;;;;;;;;
;;;;;;;;;;;;;;;;;;;;;;PESQUISA LABORATORIAL ANTIGENOS HIV-ANTICORPOS ANTI-HIV-1/ ANTI-HIV-2 EXCETO GESTANTE PARCEIRO(2280691);;;;;;;;;;
;;;;;;;;;;;;;;;;;;;;;;PESQUISA LABORATORIAL D/ ANTICORPOS CONTRA VIRUS D/HEPATITE C(ANTI-HCV) POP/GESTANTE E PARCEIROS(2280688);;;;;;;;;;
;;;;;;;;;;;;;;;;;;;;;;PESQUISA LABORATORIAL D/ANTICORPOS ANTI-HTLV-1+HTLV-2 P/POPULACAO EXCETO GESTANTE , PARCEIROS(2280694);;;;;;;;;;
;;;;;;;;;;;;;;;;;;;;;;PROGESTERONA                                (2280118);;;;;;;;;;
;;;;;;;;;;;;;;;;;;;;;;PROLACTINA(2280119);;;;;;;;;;
;;;;;;;;;;;;;;;;;;;;;;PROTEINA C REATIVA, DETERMINACAO QUANTITATIVA(2280120);;;;;;;;;;
;;;;;;;;;;;;;;;;;;;;;;PROTEINAS TOTAIS E FRACOES(2280121);;;;;;;;;;
;;;;;;;;;;;;;;;;;;;;;;PROVA CONFIRMATÃ“RIA DA PRESENÃ‡A DE MICRO-ORGANISMOS COLIFORMES                                      (2280455);;;;;;;;;;
;;;;;;;;;;;;;;;;;;;;;;PROVA DA D-XILOSE(2280310);;;;;;;;;;
;;;;;;;;;;;;;;;;;;;;;;PROVA DE CONSUMO DE PROTROMBINA(2280335);;;;;;;;;;
;;;;;;;;;;;;;;;;;;;;;;PROVA DE DILUICAO (URINA)                                                                           (2280470);;;;;;;;;;
;;;;;;;;;;;;;;;;;;;;;;PROVA DE PROGRESSAO ESPERMATICA (CADA)(2280196);;;;;;;;;;
;;;;;;;;;;;;;;;;;;;;;;PROVA DO LACO(2280123);;;;;;;;;;
;;;;;;;;;;;;;;;;;;;;;;PROVA DO LATEX P/ HAEMOPHILLUS INFLUENZAE, STREPTOCOCCUS PNEUMONIAE, NEISSERIA MENINGITIDIS (SOROTIP(2280556);;;;;;;;;;
;;;;;;;;;;;;;;;;;;;;;;PROVA DO LATEX P/ PESQUISA DO FATOR REUMATOIDE(2280557);;;;;;;;;;
;;;;;;;;;;;;;;;;;;;;;;PROVAS DE PRAUSNITZ-KUSTNER (PK)(2280391);;;;;;;;;;
;;;;;;;;;;;;;;;;;;;;;;PROVAS IMUNO-ALERGICAS BACTERIANAS(2280392);;;;;;;;;;
;;;;;;;;;;;;;;;;;;;;;;PSA LIVRE(2280124);;;;;;;;;;
;;;;;;;;;;;;;;;;;;;;;;PSA TOTAL(2280126);;;;;;;;;;
;;;;;;;;;;;;;;;;;;;;;;QUANTIFICAÃ‡ÃƒO/AMPLIFICAÃ‡ÃƒO DO HER-2(2280566);;;;;;;;;;
;;;;;;;;;;;;;;;;;;;;;;RASTREIO P/ DEFICIENCIA DE ENZIMAS ERITROCITARIAS(2280336);;;;;;;;;;
;;;;;;;;;;;;;;;;;;;;;;REACAO DE MONTENEGRO ID(2280394);;;;;;;;;;
;;;;;;;;;;;;;;;;;;;;;;REACAO DE PANDY(2280558);;;;;;;;;;
;;;;;;;;;;;;;;;;;;;;;;REACAO DE RIVALTA NO LIQUIDO SINOVIAL E DERRAMES(2280559);;;;;;;;;;
;;;;;;;;;;;;;;;;;;;;;;RETICULOCITOS - CONTAGEM(2280162);;;;;;;;;;
;;;;;;;;;;;;;;;;;;;;;;RETRACAO DO COAGULO(2280127);;;;;;;;;;
;;;;;;;;;;;;;;;;;;;;;;RUBEOLA , ANTICORPOS IGG(2280128);;;;;;;;;;
;;;;;;;;;;;;;;;;;;;;;;RUBEOLA , ANTICORPOS IGM(2280129);;;;;;;;;;
;;;;;;;;;;;;;;;;;;;;;;SODIO ( NA URINA 24 HORAS)(2280599);;;;;;;;;;
;;;;;;;;;;;;;;;;;;;;;;TESTE CONFIRMATORIO C/ PESQUISA D/ ANTICORPOS ANTI-HTLV-1+ANTI-HTLV-2 EXCETO GESTANTE PARCEIRO(2280703);;;;;;;;;;
;;;;;;;;;;;;;;;;;;;;;;TESTE DE AGREGACAO DE PLAQUETAS(2280337);;;;;;;;;;
;;;;;;;;;;;;;;;;;;;;;;TESTE DE CLEMENTS(2280560);;;;;;;;;;
;;;;;;;;;;;;;;;;;;;;;;TESTE DE ESTIMULO COM GNRH OU COM AGONISTA GNRH(2280499);;;;;;;;;;
;;;;;;;;;;;;;;;;;;;;;;TESTE DE ESTIMULO DA PROLACTINA / TSH APOS TRH(2280497);;;;;;;;;;
;;;;;;;;;;;;;;;;;;;;;;TESTE DE ESTIMULO DA PROLACTINA APOS CLORPROMAZINA(2280498);;;;;;;;;;
;;;;;;;;;;;;;;;;;;;;;;TESTE DE ESTIMULO DO HGH APOS GLUCAGON(2280500);;;;;;;;;;
;;;;;;;;;;;;;;;;;;;;;;TESTE DE GASTROACIDOGRAMA - SECRECAO BASAL POR 60 EM 4 AMOSTRAS(2280561);;;;;;;;;;
;;;;;;;;;;;;;;;;;;;;;;TESTE DE HAM (HEMOLISE ACIDA)(2280338);;;;;;;;;;
;;;;;;;;;;;;;;;;;;;;;;TESTE DE HOLLANDER NO SUCO GASTRICO(2280562);;;;;;;;;;
;;;;;;;;;;;;;;;;;;;;;;TESTE DE SUPRESSAO DO CORTISOL APOS DEXAMETASONA(2280501);;;;;;;;;;
;;;;;;;;;;;;;;;;;;;;;;TESTE DE SUPRESSAO DO HGH APOS GLICOSE(2280502);;;;;;;;;;
;;;;;;;;;;;;;;;;;;;;;;TESTE DE TOLERANCIA A INSULINA / HIPOGLICEMIANTES ORAIS(2280311);;;;;;;;;;
;;;;;;;;;;;;;;;;;;;;;;TESTE DE VDRL P/ DETECCAO DE SIFILIS(2280130);;;;;;;;;;
;;;;;;;;;;;;;;;;;;;;;;TESTE P/ INVESTIGACAO DO DIABETES INSIPIDUS(2280503);;;;;;;;;;
;;;;;;;;;;;;;;;;;;;;;;TESTES ALERGICOS DE CONTATO(2280395);;;;;;;;;;
;;;;;;;;;;;;;;;;;;;;;;TESTES CUTANEOS DE LEITURA IMEDIATA(2280396);;;;;;;;;;
;;;;;;;;;;;;;;;;;;;;;;TESTOSTERONA LIVRE                                          (2280131);;;;;;;;;;
;;;;;;;;;;;;;;;;;;;;;;TESTOSTERONA TOTAL(2280132);;;;;;;;;;
;;;;;;;;;;;;;;;;;;;;;;TGO(2280133);;;;;;;;;;
;;;;;;;;;;;;;;;;;;;;;;TGP(2280134);;;;;;;;;;
;;;;;;;;;;;;;;;;;;;;;;TIREOGLOBULINA                                              (2280135);;;;;;;;;;
;;;;;;;;;;;;;;;;;;;;;;TIROXINA - T4(2280136);;;;;;;;;;
;;;;;;;;;;;;;;;;;;;;;;TIROXINA LIVRE (T4 LIVRE)(2280137);;;;;;;;;;
;;;;;;;;;;;;;;;;;;;;;;TITULACAO DE ANTICORPOS ANTI A E/OU ANTI B(2280573);;;;;;;;;;
;;;;;;;;;;;;;;;;;;;;;;TOXOPLASMOSE  IFI-IGG(2280138);;;;;;;;;;
;;;;;;;;;;;;;;;;;;;;;;TOXOPLASMOSE IFI (IGM)(2280139);;;;;;;;;;
;;;;;;;;;;;;;;;;;;;;;;TRANSFERRINA(2280140);;;;;;;;;;
;;;;;;;;;;;;;;;;;;;;;;TRIGLICERIDEOS(2280141);;;;;;;;;;
;;;;;;;;;;;;;;;;;;;;;;TRIIODOTIRONINA -  T3(2280142);;;;;;;;;;
;;;;;;;;;;;;;;;;;;;;;;TSH - HORMONIO ESTIMULANTE TIREOIDE(2280143);;;;;;;;;;
;;;;;;;;;;;;;;;;;;;;;;UREIA(2280144);;;;;;;;;;
;;;;;;;;;;;;;;;;;;;;;;UREIA, DOSAGEM EM URINA DE 24 HS(2280145);;;;;;;;;;
;;;;;;;;;;;;;;;;;;;;;;VDRL P/ DETECCAO DE SIFILIS EM GESTANTE(2280146);;;;;;;;;;
;;;;;;;;;;;;;;;;;;;;;;VELOCIDADE DE HEMOSSEDIMENTACAO (VHS)(2280147);;;;;;;;;;
;;;;;;;;;;;;;;;;;;;;;;VITAMINA B12                                                (2280148);;;;;;;;;;
